INSERT INTO aves.foto_ave(dir_foto) VALUES ('https://www.avesdechile.cl/0jpgn/128mm3.jpg');
INSERT INTO aves.foto_ave(dir_foto) VALUES ('https://www.avesdechile.cl/0jpgn/064wb1.jpg');
INSERT INTO aves.foto_ave(dir_foto) VALUES ('https://www.avesdechile.cl/0jpgn/380gde.jpg');
INSERT INTO aves.foto_ave(dir_foto) VALUES ('https://www.avesdechile.cl/0jpgn/035jc1.jpg');
INSERT INTO aves.foto_ave(dir_foto) VALUES ('https://www.avesdechile.cl/0jpgn/094jc4.jpg');
INSERT INTO aves.foto_ave(dir_foto) VALUES ('https://www.avesdechile.cl/0jpgn/105.jpg');
INSERT INTO aves.foto_ave(dir_foto) VALUES ('https://www.avesdechile.cl/0jpgn/195.jpg');
INSERT INTO aves.foto_ave(dir_foto) VALUES ('https://www.avesdechile.cl/0jpgn/184wb1.jpg');
INSERT INTO aves.foto_ave(dir_foto) VALUES ('https://www.avesdechile.cl/0jpgn/381gg1.jpg');
INSERT INTO aves.foto_ave(dir_foto) VALUES ('https://www.avesdechile.cl/0jpgn/111jc1.jpg');
INSERT INTO aves.foto_ave(dir_foto) VALUES ('https://www.avesdechile.cl/0jpgn/166m.jpg');
INSERT INTO aves.foto_ave(dir_foto) VALUES ('https://www.avesdechile.cl/0jpgn/463ag1.jpg');
INSERT INTO aves.foto_ave(dir_foto) VALUES ('https://www.avesdechile.cl/0jpgn/106pc3.jpg');
INSERT INTO aves.foto_ave(dir_foto) VALUES ('https://www.avesdechile.cl/0jpgn/351jctm1.jpg');
INSERT INTO aves.foto_ave(dir_foto) VALUES ('https://www.avesdechile.cl/0jpgn/435mg1.jpg');
INSERT INTO aves.foto_ave(dir_foto) VALUES ('https://www.avesdechile.cl/0jpgn/387jpr1.jpg');
INSERT INTO aves.foto_ave(dir_foto) VALUES ('https://www.avesdechile.cl/0jpgn/117jt1.jpg');
INSERT INTO aves.foto_ave(dir_foto) VALUES ('https://www.avesdechile.cl/0jpgn/210.jpg');
INSERT INTO aves.foto_ave(dir_foto) VALUES ('https://www.avesdechile.cl/0jpgn/002a.jpg');
INSERT INTO aves.foto_ave(dir_foto) VALUES ('https://www.avesdechile.cl/0jpgn/050jt2.jpg');
INSERT INTO aves.foto_ave(dir_foto) VALUES ('https://www.avesdechile.cl/0jpgn/142ha1.jpg');
INSERT INTO aves.foto_ave(dir_foto) VALUES ('https://www.avesdechile.cl/0jpgn/186jt1.jpg');
INSERT INTO aves.foto_ave(dir_foto) VALUES ('https://www.avesdechile.cl/0jpgn/148an1.jpg');
INSERT INTO aves.foto_ave(dir_foto) VALUES ('https://www.avesdechile.cl/0jpgn/340ht2.jpg');
INSERT INTO aves.foto_ave(dir_foto) VALUES ('https://www.avesdechile.cl/0jpgn/460.jpg');
INSERT INTO aves.foto_ave(dir_foto) VALUES ('https://www.avesdechile.cl/0jpgn/372.jpg');
INSERT INTO aves.foto_ave(dir_foto) VALUES ('https://www.avesdechile.cl/0jpgn/156pc1.jpg');
INSERT INTO aves.foto_ave(dir_foto) VALUES ('https://www.avesdechile.cl/0jpgn/139a.jpg');
INSERT INTO aves.foto_ave(dir_foto) VALUES ('https://www.avesdechile.cl/0jpgn/118pc1.jpg');
INSERT INTO aves.foto_ave(dir_foto) VALUES ('https://www.avesdechile.cl/0jpgn/391.jpg');
INSERT INTO aves.foto_ave(dir_foto) VALUES ('https://www.avesdechile.cl/0jpgn/007ap1.jpg');
INSERT INTO aves.foto_ave(dir_foto) VALUES ('https://www.avesdechile.cl/0jpgn/198ds1.jpg');
INSERT INTO aves.foto_ave(dir_foto) VALUES ('https://www.avesdechile.cl/0jpgn/432a.jpg');
INSERT INTO aves.foto_ave(dir_foto) VALUES ('https://www.avesdechile.cl/0jpgn/452jt1.jpg');
INSERT INTO aves.foto_ave(dir_foto) VALUES ('https://www.avesdechile.cl/0jpgn/339ra1.jpg');
INSERT INTO aves.foto_ave(dir_foto) VALUES ('https://www.avesdechile.cl/0jpgn/245.jpg');
INSERT INTO aves.foto_ave(dir_foto) VALUES ('https://www.avesdechile.cl/0jpgn/016jc2.jpg');
INSERT INTO aves.foto_ave(dir_foto) VALUES ('https://www.avesdechile.cl/0jpgn/054jt1.jpg');
INSERT INTO aves.foto_ave(dir_foto) VALUES ('https://www.avesdechile.cl/0jpgn/203ea1.jpg');
INSERT INTO aves.foto_ave(dir_foto) VALUES ('https://www.avesdechile.cl/0jpgn/104csq14.jpg');
INSERT INTO aves.foto_ave(dir_foto) VALUES ('https://www.avesdechile.cl/0jpgn/155.jpg');
INSERT INTO aves.foto_ave(dir_foto) VALUES ('https://www.avesdechile.cl/0jpgn/237.jpg');
INSERT INTO aves.foto_ave(dir_foto) VALUES ('https://www.avesdechile.cl/0jpgn/046.jpg');
INSERT INTO aves.foto_ave(dir_foto) VALUES ('https://www.avesdechile.cl/0jpgn/006ea1.jpg');
INSERT INTO aves.foto_ave(dir_foto) VALUES ('https://www.avesdechile.cl/0jpgn/446.jpg');
INSERT INTO aves.foto_ave(dir_foto) VALUES ('https://www.avesdechile.cl/0jpgn/170rrc1.jpg');
INSERT INTO aves.foto_ave(dir_foto) VALUES ('https://www.avesdechile.cl/0jpgn/080jc2.jpg');
INSERT INTO aves.foto_ave(dir_foto) VALUES ('https://www.avesdechile.cl/0jpgn/067hk1.jpg');
INSERT INTO aves.foto_ave(dir_foto) VALUES ('https://www.avesdechile.cl/0jpgn/027.jpg');
INSERT INTO aves.foto_ave(dir_foto) VALUES ('https://www.avesdechile.cl/0jpgn/025ea1.jpg');
INSERT INTO aves.foto_ave(dir_foto) VALUES ('https://www.avesdechile.cl/0jpgn/200.jpg');
INSERT INTO aves.foto_ave(dir_foto) VALUES ('https://www.avesdechile.cl/0jpgn/382wb2.jpg');
INSERT INTO aves.foto_ave(dir_foto) VALUES ('https://www.avesdechile.cl/0jpgn/134jt1.jpg');
INSERT INTO aves.foto_ave(dir_foto) VALUES ('https://www.avesdechile.cl/0jpgn/100.jpg');
INSERT INTO aves.foto_ave(dir_foto) VALUES ('https://www.avesdechile.cl/0jpgn/172jc1.jpg');
INSERT INTO aves.foto_ave(dir_foto) VALUES ('https://www.avesdechile.cl/0jpgn/484dr1.jpg');
INSERT INTO aves.foto_ave(dir_foto) VALUES ('https://www.avesdechile.cl/0jpgn/293wb3.jpg');
INSERT INTO aves.foto_ave(dir_foto) VALUES ('https://www.avesdechile.cl/0jpgn/087.jpg');
INSERT INTO aves.foto_ave(dir_foto) VALUES ('https://www.avesdechile.cl/0jpgn/256.jpg');
INSERT INTO aves.foto_ave(dir_foto) VALUES ('https://www.avesdechile.cl/0jpgn/048.jpg');
INSERT INTO aves.foto_ave(dir_foto) VALUES ('https://www.avesdechile.cl/0jpgn/211cm1.jpg');
INSERT INTO aves.foto_ave(dir_foto) VALUES ('https://www.avesdechile.cl/0jpgn/036er1.jpg');
INSERT INTO aves.foto_ave(dir_foto) VALUES ('https://upload.wikimedia.org/wikipedia/commons/6/69/Manchot_01.jpg');
INSERT INTO aves.foto_ave(dir_foto) VALUES ('https://www.avesdechile.cl/0jpgn/127.jpg');
INSERT INTO aves.foto_ave(dir_foto) VALUES ('https://www.avesdechile.cl/0jpgn/095ek.jpg');
INSERT INTO aves.foto_ave(dir_foto) VALUES ('https://www.avesdechile.cl/0jpgn/378se.jpg');
INSERT INTO aves.foto_ave(dir_foto) VALUES ('https://www.avesdechile.cl/0jpgn/115jpr2.jpg');
INSERT INTO aves.foto_ave(dir_foto) VALUES ('https://www.avesdechile.cl/0jpgn/371ap1.jpg');
INSERT INTO aves.foto_ave(dir_foto) VALUES ('https://www.avesdechile.cl/0jpgn/168jt1.jpg');
INSERT INTO aves.foto_ave(dir_foto) VALUES ('https://www.avesdechile.cl/0jpgn/332pv1.jpg');
INSERT INTO aves.foto_ave(dir_foto) VALUES ('https://www.avesdechile.cl/0jpgn/081jt4.jpg');
INSERT INTO aves.foto_ave(dir_foto) VALUES ('https://www.avesdechile.cl/0jpgn/047wb1.jpg');
INSERT INTO aves.foto_ave(dir_foto) VALUES ('https://www.avesdechile.cl/0jpgn/150jc5.jpg');
INSERT INTO aves.foto_ave(dir_foto) VALUES ('https://www.avesdechile.cl/0jpgn/194ro1.jpg');
INSERT INTO aves.foto_ave(dir_foto) VALUES ('https://www.avesdechile.cl/0jpgn/327ar1.jpg');
INSERT INTO aves.ave(especie,nombre,orden,familia,habitat) VALUES ('Eudromia elegans','Perdiz Copetona','TINAMIFORMES','Tinamidae','campo');
INSERT INTO aves.ave(especie,nombre,orden,familia,habitat) VALUES ('Pteroptochos megapodius','Turca','PASSERIFORMES','Rhinocryptidae','matorral');
INSERT INTO aves.ave(especie,nombre,orden,familia,habitat) VALUES ('Chordeiles acutipennis','Gallina ciega peruana','CAPRIMULGIFORMES','Caprimulgidae','desierto');
INSERT INTO aves.ave(especie,nombre,orden,familia,habitat) VALUES ('Merganetta armata','Pato cortacorrientes','ANSERIFORMES','Anatidae','altiplano');
INSERT INTO aves.ave(especie,nombre,orden,familia,habitat) VALUES ('Cygnus melanocoryphus','Cisne de Cuello Negro','ANSERIFORMES','Anatidae','formacion de agua dulce');
INSERT INTO aves.ave(especie,nombre,orden,familia,habitat) VALUES ('Phasianus colchicus','Faisan','GALLIFORMES','Phasianidae','bosque');
INSERT INTO aves.ave(especie,nombre,orden,familia,habitat) VALUES ('Colaptes pitius','Pitio','PICIFORMES','Picidae','bosque');
INSERT INTO aves.ave(especie,nombre,orden,familia,habitat) VALUES ('Upucerthia dumetaria','Bandurilla','PASSERIFORMES','Furnariidae','desierto');
INSERT INTO aves.ave(especie,nombre,orden,familia,habitat) VALUES ('Chloephaga melanoptera','Piuquen','ANSERIFORMES','Anatidae','humedales');
INSERT INTO aves.ave(especie,nombre,orden,familia,habitat) VALUES ('Aeronautes  andecolus','Vencejo Chico','APODIFORMES','Apodidae','cordillera');
INSERT INTO aves.ave(especie,nombre,orden,familia,habitat) VALUES ('Podiceps major','Huala','PODICIPEDIFORMES','Podicipedidae','formacion de agua dulce');
INSERT INTO aves.ave(especie,nombre,orden,familia,habitat) VALUES ('Patagona gigas','Picaflor gigante','APODIFORMES','Trochilidae','campo');
INSERT INTO aves.ave(especie,nombre,orden,familia,habitat) VALUES ('Pterodroma macroptera','Fardela de alas grandes','PROCELLANIIFORMES','Procelariidae','pelagico');
INSERT INTO aves.ave(especie,nombre,orden,familia,habitat) VALUES ('Dedrocygna autumnalis','Pato Silbon de ala blanca','ANSERIFORMES','Anatidae','formacion de agua dulce');
INSERT INTO aves.ave(especie,nombre,orden,familia,habitat) VALUES ('Pelecanoides garnotii','Yunco','PROCELLANIIFORMES','Pelecanoididae','pelagico');
INSERT INTO aves.ave(especie,nombre,orden,familia,habitat) VALUES ('Pygoscelis adeliae','Pingüino de Adelia','SPHENISCIFORMES','Spheniscidae','pelagico');
INSERT INTO aves.ave(especie,nombre,orden,familia,habitat) VALUES ('Phaeton aethereus','Ave del tropico de pico rojo','PELECANIFORMES','Phaethonidae','pelagico');
INSERT INTO aves.ave(especie,nombre,orden,familia,habitat) VALUES ('Geositta cunicularia','Minero','PASSERIFORMES','Furnariidae','desierto');
INSERT INTO aves.ave(especie,nombre,orden,familia,habitat) VALUES ('Glaucidium nanum','Chuncho','STRIGIFORMES','Strigidae','matorral');
INSERT INTO aves.ave(especie,nombre,orden,familia,habitat) VALUES ('Campephilus magellanicus','Carpintero negro','PICIFORMES','Picidae','bosque');
INSERT INTO aves.ave(especie,nombre,orden,familia,habitat) VALUES ('Nothoprocta perdicaria','Perdiz Chilena','TINAMIFORMES','Tinamidae','campo');
INSERT INTO aves.ave(especie,nombre,orden,familia,habitat) VALUES ('Oreotrochilus estella','Picaflor de la Puna','APODIFORMES','Trochilidae','cordillera');
INSERT INTO aves.ave(especie,nombre,orden,familia,habitat) VALUES ('Podiceps occipitalis','Blanquillo','PODICIPEDIFORMES','Podicipedidae','formacion de agua dulce');
INSERT INTO aves.ave(especie,nombre,orden,familia,habitat) VALUES ('Dendrocygna bicolor','Pato Silbon Comun','ANSERIFORMES','Anatidae','formacion de agua dulce');
INSERT INTO aves.ave(especie,nombre,orden,familia,habitat) VALUES ('Nothoprocta pentlandii','Perdiz Cordillerana de Arica','TINAMIFORMES','Tinamidae','campo');
INSERT INTO aves.ave(especie,nombre,orden,familia,habitat) VALUES ('Spheniscus humboldti','Pingüino de Humboldt','SPHENISCIFORMES','Spheniscidae','costa');
INSERT INTO aves.ave(especie,nombre,orden,familia,habitat) VALUES ('Turdus falcklandii','Zorzal','PASSERIFORMES','Turdidae','jardin');
INSERT INTO aves.ave(especie,nombre,orden,familia,habitat) VALUES ('Cairina moschata','Pato criollo','ANSERIFORMES','Anatidae','campo');
INSERT INTO aves.ave(especie,nombre,orden,familia,habitat) VALUES ('Oreotrochilus leucopleurus','Picaflor cordillerano','APODIFORMES','Trochilidae','cordillera');
INSERT INTO aves.ave(especie,nombre,orden,familia,habitat) VALUES ('Tinamotis ingoufi','Perdiz Austral','TINAMIFORMES','Tinamidae','campo');
INSERT INTO aves.ave(especie,nombre,orden,familia,habitat) VALUES ('Phoebastria irrorata','Albatros de las Galápagos','PROCELLANIIFORMES','Diomedeidae','mar abierto');
INSERT INTO aves.ave(especie,nombre,orden,familia,habitat) VALUES ('Leptasthenura aegithaloides','Tijeral','PASSERIFORMES','Furnariidae','matorral');
INSERT INTO aves.ave(especie,nombre,orden,familia,habitat) VALUES ('Phoebetria fusca','Albatros Oscuro','PROCELLANIIFORMES','Diomedeidae','mar abierto');
INSERT INTO aves.ave(especie,nombre,orden,familia,habitat) VALUES ('Zonotrichia capensis','Chincol','PASSERIFORMES','Emberizidae','jardin');
INSERT INTO aves.ave(especie,nombre,orden,familia,habitat) VALUES ('Caprimulgus longirostris','Gallina ciega','CAPRIMULGIFORMES','Caprimulgidae','desierto');
INSERT INTO aves.ave(especie,nombre,orden,familia,habitat) VALUES ('Tyto alba','Lechuza','STRIGIFORMES','Tytonidae','bosque');
INSERT INTO aves.ave(especie,nombre,orden,familia,habitat) VALUES ('Chloephaga poliocephala','Canquen','ANSERIFORMES','Anatidae','campo');
INSERT INTO aves.ave(especie,nombre,orden,familia,habitat) VALUES ('Podilymbus podiceps','Picurio','PODICIPEDIFORMES','Podicipedidae','formacion de agua dulce');
INSERT INTO aves.ave(especie,nombre,orden,familia,habitat) VALUES ('Pterocnemia pennata','Ñandu','STRUTHIONIFORMES','Rheidae','pampa');
INSERT INTO aves.ave(especie,nombre,orden,familia,habitat) VALUES ('Diomedea exulans','Albatros Errante','PROCELLANIIFORMES','Diomedeidae','mar abierto');
INSERT INTO aves.ave(especie,nombre,orden,familia,habitat) VALUES ('Aphrastura spinicauda','Rayadito','PASSERIFORMES','Furnariidae','bosque');
INSERT INTO aves.ave(especie,nombre,orden,familia,habitat) VALUES ('Colibri coruscans','Picaflor azul','APODIFORMES','Trochilidae','bosque');
INSERT INTO aves.ave(especie,nombre,orden,familia,habitat) VALUES ('Rollandia Rolland','Pimpollo','PODICIPEDIFORMES','Podicipedidae','formacion de agua dulce');
INSERT INTO aves.ave(especie,nombre,orden,familia,habitat) VALUES ('Pteroptochos tarnii','Hued-hued del Sur','PASSERIFORMES','Rhinocryptidae','bosque');
INSERT INTO aves.ave(especie,nombre,orden,familia,habitat) VALUES ('Nothoprocta ornata','Perdiz Cordillerana','TINAMIFORMES','Tinamidae','campo');
INSERT INTO aves.ave(especie,nombre,orden,familia,habitat) VALUES ('Fulmarus glacialoides','Petrel Plateado','PROCELLANIIFORMES','Procelariidae','pelagico');
INSERT INTO aves.ave(especie,nombre,orden,familia,habitat) VALUES ('Dendrocygna viduata','Pato Silbon Pampa','ANSERIFORMES','Anatidae','formacion de agua dulce');
INSERT INTO aves.ave(especie,nombre,orden,familia,habitat) VALUES ('Tinamotis pentlandii','Perdiz de la Puna','TINAMIFORMES','Tinamidae','matorral');
INSERT INTO aves.ave(especie,nombre,orden,familia,habitat) VALUES ('Pygoscelis antarctica','Pingüino Antártico','SPHENISCIFORMES','Spheniscidae','pelagico');
INSERT INTO aves.ave(especie,nombre,orden,familia,habitat) VALUES ('Pterodroma lessoni','Fardela de frente blanca','PROCELLANIIFORMES','Procelariidae','pelagico');
INSERT INTO aves.ave(especie,nombre,orden,familia,habitat) VALUES ('Chaetura pelagica','Vencejo de Chimenea','APODIFORMES','Apodidae','formacion de agua dulce');
INSERT INTO aves.ave(especie,nombre,orden,familia,habitat) VALUES ('Anairetes parulus','Cachudito','PASSERIFORMES','Tyrannidae','bosque');
INSERT INTO aves.ave(especie,nombre,orden,familia,habitat) VALUES ('Macronectes giganteus','Petrel Gigante Antártico','PROCELLANIIFORMES','Procelariidae','mar abierto');
INSERT INTO aves.ave(especie,nombre,orden,familia,habitat) VALUES ('Pagodroma nivea','Petrel de las nieves','PROCELLANIIFORMES','Procelariidae','desierto polar');
INSERT INTO aves.ave(especie,nombre,orden,familia,habitat) VALUES ('Aptenodytes patagonicus','Pingüino Rey','SPHENISCIFORMES','Spheniscidae','pelagico');
INSERT INTO aves.ave(especie,nombre,orden,familia,habitat) VALUES ('Ceryle torquata','Martin Pescador','CORACIIFORMES','Alcedinidae','formacion de agua dulce');
INSERT INTO aves.ave(especie,nombre,orden,familia,habitat) VALUES ('Chloroceryle americana','Martin Pescador Chico','CORACIIFORMES','Alcedinidae','formacion de agua dulce');
INSERT INTO aves.ave(especie,nombre,orden,familia,habitat) VALUES ('Fregetta grallaria','Golondrina de mar de vientre blanco','PROCELLANIIFORMES','Hydrobatidae','pelagico');
INSERT INTO aves.ave(especie,nombre,orden,familia,habitat) VALUES ('Chloephaga picta','Caiquen','ANSERIFORMES','Anatidae','humedales');
INSERT INTO aves.ave(especie,nombre,orden,familia,habitat) VALUES ('Chloephaga rubidiceps','Canquén Colorado','ANSERIFORMES','Anatidae','campo');
INSERT INTO aves.ave(especie,nombre,orden,familia,habitat) VALUES ('Aphrodroma brevirostris','Fardela de Kerguelen','PROCELLANIIFORMES','Procelariidae','pelagico');
INSERT INTO aves.ave(especie,nombre,orden,familia,habitat) VALUES ('Lafresnaya lafresnayi','Picaflor terciopelo','APODIFORMES','Trochilidae','selva');
INSERT INTO aves.ave(especie,nombre,orden,familia,habitat) VALUES ('Colaptes rupicola','Pitio del Norte','PICIFORMES','Picidae','humedales');
INSERT INTO aves.ave(especie,nombre,orden,familia,habitat) VALUES ('Geositta tenuirostris','Minero de pico delgado','PASSERIFORMES','Furnariidae','desierto');
INSERT INTO aves.ave(especie,nombre,orden,familia,habitat) VALUES ('Thalassarche melanophrys','Albatros de Ceja Negra','PROCELLANIIFORMES','Diomedeidae','pelagico');
INSERT INTO aves.ave(especie,nombre,orden,familia,habitat) VALUES ('Dryobates lignarius','Carpinterito','PICIFORMES','Picidae','bosque');
INSERT INTO aves.ave(especie,nombre,orden,familia,habitat) VALUES ('Coscoroba coscoroba','Cisne Coscoroba','ANSERIFORMES','Anatidae','formacion de agua dulce');
INSERT INTO aves.ave(especie,nombre,orden,familia,habitat) VALUES ('Aptenodytes forsteri','Pingüino Emperador','SPHENISCIFORMES','Spheniscidae','pelagico');
INSERT INTO aves.ave(especie,nombre,orden,familia,habitat) VALUES ('Elaenia albiceps','Fio-fio','PASSERIFORMES','Tyrannidae','jardin');
INSERT INTO aves.ave(especie,nombre,orden,familia,habitat) VALUES ('Chloephaga hybrida','Caranca','ANSERIFORMES','Anatidae','costa');
INSERT INTO aves.ave(especie,nombre,orden,familia,habitat) VALUES ('Calliplepa Californica','Codorniz','GALLIFORMES','Odontophoridae','parque');
INSERT INTO aves.ave(especie,nombre,orden,familia,habitat) VALUES ('Puffinus creatopus','Fardela blanca','PROCELLANIIFORMES','Procelariidae','pelagico');
INSERT INTO aves.ave(especie,nombre,orden,familia,habitat) VALUES ('Sylviorthorhynchus desmursii','Colilarga','PASSERIFORMES','Furnariidae','bosque');
INSERT INTO aves.ave(especie,nombre,orden,familia,habitat) VALUES ('Pygoscelis papua','Pingüino Papúa','SPHENISCIFORMES','Spheniscidae','pelagico');
INSERT INTO aves.ave(especie,nombre,orden,familia,habitat) VALUES ('Pelecanus thagus','Pelicano','PELECANIFORMES','Pelecanidae','costa');
INSERT INTO aves.comportamiento_normal(id_comportamiento_nrml,alimentacion,nidificacion,migracion,cronotipo) VALUES (1,'herbivoro','cuenco',TRUE,'diurno - nocturno');
INSERT INTO aves.comportamiento_normal(id_comportamiento_nrml,alimentacion,nidificacion,migracion,cronotipo) VALUES (13,'carnivoro','madriguera',TRUE,'nocturno');
INSERT INTO aves.comportamiento_normal(id_comportamiento_nrml,alimentacion,nidificacion,migracion,cronotipo) VALUES (8,'omnivoro','cuenco',TRUE,'diurno - nocturno');
INSERT INTO aves.comportamiento_normal(id_comportamiento_nrml,alimentacion,nidificacion,migracion,cronotipo) VALUES (9,'carnivoro','cuenco',TRUE,'diurno');
INSERT INTO aves.comportamiento_normal(id_comportamiento_nrml,alimentacion,nidificacion,migracion,cronotipo) VALUES (3,'herbivoro','cuenco',TRUE,'diurno - nocturno');
INSERT INTO aves.comportamiento_normal(id_comportamiento_nrml,alimentacion,nidificacion,migracion,cronotipo) VALUES (10,'carnivoro','colgante',TRUE,'diurno');
INSERT INTO aves.comportamiento_normal(id_comportamiento_nrml,alimentacion,nidificacion,migracion,cronotipo) VALUES (18,'carnivoro','escarbado',TRUE,'crepuscular - nocturno');
INSERT INTO aves.comportamiento_normal(id_comportamiento_nrml,alimentacion,nidificacion,migracion,cronotipo) VALUES (16,'carnivoro','cavidad',TRUE,'diurno - nocturno');
INSERT INTO aves.comportamiento_normal(id_comportamiento_nrml,alimentacion,nidificacion,migracion,cronotipo) VALUES (12,'carnivoro','madriguera',TRUE,'diurno');
INSERT INTO aves.comportamiento_normal(id_comportamiento_nrml,alimentacion,nidificacion,migracion,cronotipo) VALUES (11,'carnivoro','escarbado',TRUE,'diurno');
INSERT INTO aves.comportamiento_normal(id_comportamiento_nrml,alimentacion,nidificacion,migracion,cronotipo) VALUES (5,'omnivoro','escarbado',TRUE,'crepuscular');
INSERT INTO aves.comportamiento_normal(id_comportamiento_nrml,alimentacion,nidificacion,migracion,cronotipo) VALUES (6,'omnivoro','escarbado',TRUE,'diurno');
INSERT INTO aves.comportamiento_normal(id_comportamiento_nrml,alimentacion,nidificacion,migracion,cronotipo) VALUES (22,'carnivoro','cavidad',TRUE,'nocturno');
INSERT INTO aves.comportamiento_normal(id_comportamiento_nrml,alimentacion,nidificacion,migracion,cronotipo) VALUES (23,'carnivoro','cavidad',TRUE,'crepuscular - nocturno');
INSERT INTO aves.comportamiento_normal(id_comportamiento_nrml,alimentacion,nidificacion,migracion,cronotipo) VALUES (4,'omnivoro','escarbado',TRUE,'diurno - nocturno');
INSERT INTO aves.comportamiento_normal(id_comportamiento_nrml,alimentacion,nidificacion,migracion,cronotipo) VALUES (19,'nectarivoro','cuenco',TRUE,'diurno');
INSERT INTO aves.comportamiento_normal(id_comportamiento_nrml,alimentacion,nidificacion,migracion,cronotipo) VALUES (21,'omnivoro','cuenco',TRUE,'diurno - crepuscular');
INSERT INTO aves.comportamiento_normal(id_comportamiento_nrml,alimentacion,nidificacion,migracion,cronotipo) VALUES (7,'granivoro','escarbado',TRUE,'diurno');
INSERT INTO aves.comportamiento_normal(id_comportamiento_nrml,alimentacion,nidificacion,migracion,cronotipo) VALUES (14,'carnivoro','cavidad',TRUE,'diurno');
INSERT INTO aves.comportamiento_normal(id_comportamiento_nrml,alimentacion,nidificacion,migracion,cronotipo) VALUES (15,'carnivoro','madriguera',TRUE,'diurno - nocturno');
INSERT INTO aves.comportamiento_normal(id_comportamiento_nrml,alimentacion,nidificacion,migracion,cronotipo) VALUES (2,'herbivoro','cuenco',TRUE,'crepuscular');
INSERT INTO aves.comportamiento_normal(id_comportamiento_nrml,alimentacion,nidificacion,migracion,cronotipo) VALUES (17,'carnivoro','escarbado',TRUE,'diurno - crepuscular');
INSERT INTO aves.comportamiento_normal(id_comportamiento_nrml,alimentacion,nidificacion,migracion,cronotipo) VALUES (20,'omnivoro','cuenco',TRUE,'diurno');
INSERT INTO aves.apariencia_normal(id_apariencia_nrml,tamano,alas,pico,patas) VALUES (17,'mediano - grande','acuatica no voladora','pescador grueso','semipalmeadas');
INSERT INTO aves.apariencia_normal(id_apariencia_nrml,tamano,alas,pico,patas) VALUES (11,'mediano','elevadoras','granivoro','espoloneadas');
INSERT INTO aves.apariencia_normal(id_apariencia_nrml,tamano,alas,pico,patas) VALUES (9,'mediano','terrestre poco voladora','insectivoro','lagopedo');
INSERT INTO aves.apariencia_normal(id_apariencia_nrml,tamano,alas,pico,patas) VALUES (15,'grande','acuatica no voladora','pescador grueso','palmeadas');
INSERT INTO aves.apariencia_normal(id_apariencia_nrml,tamano,alas,pico,patas) VALUES (2,'grande','de alta velocidad','plano c/caruncula','palmeadas');
INSERT INTO aves.apariencia_normal(id_apariencia_nrml,tamano,alas,pico,patas) VALUES (37,'muy pequeno','de alta velocidad','insectivoro','anisodactilas');
INSERT INTO aves.apariencia_normal(id_apariencia_nrml,tamano,alas,pico,patas) VALUES (20,'mediano - pequeno','de planeo','pescador ganchudo','semipalmeadas');
INSERT INTO aves.apariencia_normal(id_apariencia_nrml,tamano,alas,pico,patas) VALUES (1,'mediano','de alta velocidad','plano','palmeadas');
INSERT INTO aves.apariencia_normal(id_apariencia_nrml,tamano,alas,pico,patas) VALUES (32,'pequeno','de alta velocidad','pescador','anisodactilas');
INSERT INTO aves.apariencia_normal(id_apariencia_nrml,tamano,alas,pico,patas) VALUES (38,'pequeno','de alta velocidad','insectivoro','anisodactilas');
INSERT INTO aves.apariencia_normal(id_apariencia_nrml,tamano,alas,pico,patas) VALUES (10,'mediano - pequeno','elipticas','granivoro','espoloneadas');
INSERT INTO aves.apariencia_normal(id_apariencia_nrml,tamano,alas,pico,patas) VALUES (12,'mediano - pequeno','de alta velocidad','generalista','lobulada');
INSERT INTO aves.apariencia_normal(id_apariencia_nrml,tamano,alas,pico,patas) VALUES (26,'mediano - pequeno','de alta velocidad','insectivoro','pamprodactilas');
INSERT INTO aves.apariencia_normal(id_apariencia_nrml,tamano,alas,pico,patas) VALUES (6,'mediano - pequeno','de alta velocidad','plano','palmeadas');
INSERT INTO aves.apariencia_normal(id_apariencia_nrml,tamano,alas,pico,patas) VALUES (33,'pequeno','elipticas','carpintero','cigodactilas');
INSERT INTO aves.apariencia_normal(id_apariencia_nrml,tamano,alas,pico,patas) VALUES (34,'mediano - pequeno','elipticas','carpintero','cigodactilas');
INSERT INTO aves.apariencia_normal(id_apariencia_nrml,tamano,alas,pico,patas) VALUES (4,'mediano - grande','de alta velocidad','plano','palmeadas');
INSERT INTO aves.apariencia_normal(id_apariencia_nrml,tamano,alas,pico,patas) VALUES (30,'mediano - pequeno','de alta velocidad','nectarivoro','anisodactilas');
INSERT INTO aves.apariencia_normal(id_apariencia_nrml,tamano,alas,pico,patas) VALUES (36,'pequeno','elipticas','insectivoro','anisodactilas');
INSERT INTO aves.apariencia_normal(id_apariencia_nrml,tamano,alas,pico,patas) VALUES (7,'grande','terrestre no voladora','plano','pamprodactilas');
INSERT INTO aves.apariencia_normal(id_apariencia_nrml,tamano,alas,pico,patas) VALUES (18,'mediano - grande','de planeo','pescador ganchudo','semipalmeadas');
INSERT INTO aves.apariencia_normal(id_apariencia_nrml,tamano,alas,pico,patas) VALUES (27,'pequeno','de alta velocidad','insectivoro','pamprodactilas');
INSERT INTO aves.apariencia_normal(id_apariencia_nrml,tamano,alas,pico,patas) VALUES (8,'mediano - pequeno','terrestre poco voladora','insectivoro','lagopedo');
INSERT INTO aves.apariencia_normal(id_apariencia_nrml,tamano,alas,pico,patas) VALUES (23,'mediano','de planeo','pescador','palmeadas');
INSERT INTO aves.apariencia_normal(id_apariencia_nrml,tamano,alas,pico,patas) VALUES (5,'mediano','de alta velocidad','plano c/caruncula','palmeadas');
INSERT INTO aves.apariencia_normal(id_apariencia_nrml,tamano,alas,pico,patas) VALUES (14,'mediano','de alta velocidad','pescador','lobulada');
INSERT INTO aves.apariencia_normal(id_apariencia_nrml,tamano,alas,pico,patas) VALUES (25,'mediano - pequeno','elevadoras','insectivoro','anisodactilas');
INSERT INTO aves.apariencia_normal(id_apariencia_nrml,tamano,alas,pico,patas) VALUES (16,'mediano - grande','acuatica no voladora','pescador grueso','palmeadas');
INSERT INTO aves.apariencia_normal(id_apariencia_nrml,tamano,alas,pico,patas) VALUES (29,'muy pequeno','de alta velocidad','nectarivoro','anisodactilas');
INSERT INTO aves.apariencia_normal(id_apariencia_nrml,tamano,alas,pico,patas) VALUES (41,'pequeno','elipticas','generalista','cigodactilas');
INSERT INTO aves.apariencia_normal(id_apariencia_nrml,tamano,alas,pico,patas) VALUES (39,'muy pequeno','de alta velocidad','granivoro','anisodactilas');
INSERT INTO aves.apariencia_normal(id_apariencia_nrml,tamano,alas,pico,patas) VALUES (19,'muy grande','de planeo','pescador ganchudo','semipalmeadas');
INSERT INTO aves.apariencia_normal(id_apariencia_nrml,tamano,alas,pico,patas) VALUES (22,'mediano - pequeno','de planeo','pescador ganchudo','palmeadas');
INSERT INTO aves.apariencia_normal(id_apariencia_nrml,tamano,alas,pico,patas) VALUES (3,'grande','de alta velocidad','plano','palmeadas');
INSERT INTO aves.apariencia_normal(id_apariencia_nrml,tamano,alas,pico,patas) VALUES (13,'mediano - pequeno','de alta velocidad','pescador','lobulada');
INSERT INTO aves.apariencia_normal(id_apariencia_nrml,tamano,alas,pico,patas) VALUES (28,'pequeno','de alta velocidad','nectarivoro','anisodactilas');
INSERT INTO aves.apariencia_normal(id_apariencia_nrml,tamano,alas,pico,patas) VALUES (35,'mediano','elipticas','carpintero','cigodactilas');
INSERT INTO aves.apariencia_normal(id_apariencia_nrml,tamano,alas,pico,patas) VALUES (40,'mediano - pequeno','elipticas','generalista','anisodactilas');
INSERT INTO aves.apariencia_normal(id_apariencia_nrml,tamano,alas,pico,patas) VALUES (24,'muy grande','de planeo','pico - bolsa','totipalmeadas');
INSERT INTO aves.apariencia_normal(id_apariencia_nrml,tamano,alas,pico,patas) VALUES (31,'mediano - pequeno','de alta velocidad','pescador','anisodactilas');
INSERT INTO aves.apariencia_normal(id_apariencia_nrml,tamano,alas,pico,patas) VALUES (21,'mediano','de planeo','pescador ganchudo','semipalmeadas');
INSERT INTO aves.como_luce(especie,id_apariencia_nrml) VALUES ('Ceryle torquata',31);
INSERT INTO aves.como_luce(especie,id_apariencia_nrml) VALUES ('Chloroceryle americana',32);
INSERT INTO aves.como_luce(especie,id_apariencia_nrml) VALUES ('Colibri coruscans',28);
INSERT INTO aves.como_luce(especie,id_apariencia_nrml) VALUES ('Pygoscelis antarctica',7);
INSERT INTO aves.como_luce(especie,id_apariencia_nrml) VALUES ('Dendrocygna viduata',1);
INSERT INTO aves.como_luce(especie,id_apariencia_nrml) VALUES ('Chloephaga poliocephala',3);
INSERT INTO aves.como_luce(especie,id_apariencia_nrml) VALUES ('Dryobates lignarius',33);
INSERT INTO aves.como_luce(especie,id_apariencia_nrml) VALUES ('Spheniscus humboldti',17);
INSERT INTO aves.como_luce(especie,id_apariencia_nrml) VALUES ('Nothoprocta perdicaria',7);
INSERT INTO aves.como_luce(especie,id_apariencia_nrml) VALUES ('Pterodroma lessoni',21);
INSERT INTO aves.como_luce(especie,id_apariencia_nrml) VALUES ('Aeronautes  andecolus',27);
INSERT INTO aves.como_luce(especie,id_apariencia_nrml) VALUES ('Nothoprocta pentlandii',7);
INSERT INTO aves.como_luce(especie,id_apariencia_nrml) VALUES ('Campephilus magellanicus',35);
INSERT INTO aves.como_luce(especie,id_apariencia_nrml) VALUES ('Pygoscelis adeliae',7);
INSERT INTO aves.como_luce(especie,id_apariencia_nrml) VALUES ('Tyto alba',40);
INSERT INTO aves.como_luce(especie,id_apariencia_nrml) VALUES ('Podiceps occipitalis',7);
INSERT INTO aves.como_luce(especie,id_apariencia_nrml) VALUES ('Thalassarche melanophrys',7);
INSERT INTO aves.como_luce(especie,id_apariencia_nrml) VALUES ('Chloephaga melanoptera',4);
INSERT INTO aves.como_luce(especie,id_apariencia_nrml) VALUES ('Geositta tenuirostris',17);
INSERT INTO aves.como_luce(especie,id_apariencia_nrml) VALUES ('Chordeiles acutipennis',25);
INSERT INTO aves.como_luce(especie,id_apariencia_nrml) VALUES ('Pelecanoides garnotii',22);
INSERT INTO aves.como_luce(especie,id_apariencia_nrml) VALUES ('Phasianus colchicus',11);
INSERT INTO aves.como_luce(especie,id_apariencia_nrml) VALUES ('Coscoroba coscoroba',3);
INSERT INTO aves.como_luce(especie,id_apariencia_nrml) VALUES ('Dendrocygna bicolor',1);
INSERT INTO aves.como_luce(especie,id_apariencia_nrml) VALUES ('Merganetta armata',6);
INSERT INTO aves.como_luce(especie,id_apariencia_nrml) VALUES ('Diomedea exulans',19);
INSERT INTO aves.como_luce(especie,id_apariencia_nrml) VALUES ('Pagodroma nivea',20);
INSERT INTO aves.como_luce(especie,id_apariencia_nrml) VALUES ('Patagona gigas',30);
INSERT INTO aves.como_luce(especie,id_apariencia_nrml) VALUES ('Oreotrochilus leucopleurus',7);
INSERT INTO aves.como_luce(especie,id_apariencia_nrml) VALUES ('Geositta cunicularia',36);
INSERT INTO aves.como_luce(especie,id_apariencia_nrml) VALUES ('Fulmarus glacialoides',7);
INSERT INTO aves.como_luce(especie,id_apariencia_nrml) VALUES ('Podilymbus podiceps',12);
INSERT INTO aves.como_luce(especie,id_apariencia_nrml) VALUES ('Aphrastura spinicauda',37);
INSERT INTO aves.como_luce(especie,id_apariencia_nrml) VALUES ('Cairina moschata',5);
INSERT INTO aves.como_luce(especie,id_apariencia_nrml) VALUES ('Pteroptochos tarnii',17);
INSERT INTO aves.como_luce(especie,id_apariencia_nrml) VALUES ('Pterodroma macroptera',7);
INSERT INTO aves.como_luce(especie,id_apariencia_nrml) VALUES ('Leptasthenura aegithaloides',17);
INSERT INTO aves.como_luce(especie,id_apariencia_nrml) VALUES ('Podiceps major',14);
INSERT INTO aves.como_luce(especie,id_apariencia_nrml) VALUES ('Pteroptochos megapodius',17);
INSERT INTO aves.como_luce(especie,id_apariencia_nrml) VALUES ('Tinamotis ingoufi',7);
INSERT INTO aves.como_luce(especie,id_apariencia_nrml) VALUES ('Glaucidium nanum',41);
INSERT INTO aves.como_luce(especie,id_apariencia_nrml) VALUES ('Pterocnemia pennata',7);
INSERT INTO aves.como_luce(especie,id_apariencia_nrml) VALUES ('Pygoscelis papua',16);
INSERT INTO aves.como_luce(especie,id_apariencia_nrml) VALUES ('Caprimulgus longirostris',7);
INSERT INTO aves.como_luce(especie,id_apariencia_nrml) VALUES ('Tinamotis pentlandii',7);
INSERT INTO aves.como_luce(especie,id_apariencia_nrml) VALUES ('Eudromia elegans',9);
INSERT INTO aves.como_luce(especie,id_apariencia_nrml) VALUES ('Lafresnaya lafresnayi',29);
INSERT INTO aves.como_luce(especie,id_apariencia_nrml) VALUES ('Colaptes pitius',34);
INSERT INTO aves.como_luce(especie,id_apariencia_nrml) VALUES ('Upucerthia dumetaria',17);
INSERT INTO aves.como_luce(especie,id_apariencia_nrml) VALUES ('Sylviorthorhynchus desmursii',38);
INSERT INTO aves.como_luce(especie,id_apariencia_nrml) VALUES ('Chloephaga hybrida',3);
INSERT INTO aves.como_luce(especie,id_apariencia_nrml) VALUES ('Nothoprocta ornata',8);
INSERT INTO aves.como_luce(especie,id_apariencia_nrml) VALUES ('Zonotrichia capensis',39);
INSERT INTO aves.como_luce(especie,id_apariencia_nrml) VALUES ('Fregetta grallaria',7);
INSERT INTO aves.como_luce(especie,id_apariencia_nrml) VALUES ('Phoebastria irrorata',18);
INSERT INTO aves.como_luce(especie,id_apariencia_nrml) VALUES ('Aphrodroma brevirostris',7);
INSERT INTO aves.como_luce(especie,id_apariencia_nrml) VALUES ('Anairetes parulus',17);
INSERT INTO aves.como_luce(especie,id_apariencia_nrml) VALUES ('Dedrocygna autumnalis',1);
INSERT INTO aves.como_luce(especie,id_apariencia_nrml) VALUES ('Macronectes giganteus',7);
INSERT INTO aves.como_luce(especie,id_apariencia_nrml) VALUES ('Chloephaga rubidiceps',3);
INSERT INTO aves.como_luce(especie,id_apariencia_nrml) VALUES ('Phaeton aethereus',23);
INSERT INTO aves.como_luce(especie,id_apariencia_nrml) VALUES ('Elaenia albiceps',17);
INSERT INTO aves.como_luce(especie,id_apariencia_nrml) VALUES ('Oreotrochilus estella',7);
INSERT INTO aves.como_luce(especie,id_apariencia_nrml) VALUES ('Turdus falcklandii',17);
INSERT INTO aves.como_luce(especie,id_apariencia_nrml) VALUES ('Chaetura pelagica',26);
INSERT INTO aves.como_luce(especie,id_apariencia_nrml) VALUES ('Puffinus creatopus',7);
INSERT INTO aves.como_luce(especie,id_apariencia_nrml) VALUES ('Cygnus melanocoryphus',2);
INSERT INTO aves.como_luce(especie,id_apariencia_nrml) VALUES ('Aptenodytes patagonicus',15);
INSERT INTO aves.como_luce(especie,id_apariencia_nrml) VALUES ('Calliplepa Californica',10);
INSERT INTO aves.como_luce(especie,id_apariencia_nrml) VALUES ('Phoebetria fusca',7);
INSERT INTO aves.como_luce(especie,id_apariencia_nrml) VALUES ('Colaptes rupicola',17);
INSERT INTO aves.como_luce(especie,id_apariencia_nrml) VALUES ('Aptenodytes forsteri',7);
INSERT INTO aves.como_luce(especie,id_apariencia_nrml) VALUES ('Rollandia Rolland',13);
INSERT INTO aves.como_luce(especie,id_apariencia_nrml) VALUES ('Pelecanus thagus',24);
INSERT INTO aves.como_luce(especie,id_apariencia_nrml) VALUES ('Chloephaga picta',3);
INSERT INTO aves.que_hace(especie,id_comportamiento_nrml) VALUES ('Podiceps occipitalis',10);
INSERT INTO aves.que_hace(especie,id_comportamiento_nrml) VALUES ('Fregetta grallaria',12);
INSERT INTO aves.que_hace(especie,id_comportamiento_nrml) VALUES ('Colibri coruscans',19);
INSERT INTO aves.que_hace(especie,id_comportamiento_nrml) VALUES ('Coscoroba coscoroba',1);
INSERT INTO aves.que_hace(especie,id_comportamiento_nrml) VALUES ('Pygoscelis antarctica',1);
INSERT INTO aves.que_hace(especie,id_comportamiento_nrml) VALUES ('Macronectes giganteus',12);
INSERT INTO aves.que_hace(especie,id_comportamiento_nrml) VALUES ('Tyto alba',22);
INSERT INTO aves.que_hace(especie,id_comportamiento_nrml) VALUES ('Zonotrichia capensis',1);
INSERT INTO aves.que_hace(especie,id_comportamiento_nrml) VALUES ('Pterodroma lessoni',12);
INSERT INTO aves.que_hace(especie,id_comportamiento_nrml) VALUES ('Eudromia elegans',1);
INSERT INTO aves.que_hace(especie,id_comportamiento_nrml) VALUES ('Nothoprocta pentlandii',1);
INSERT INTO aves.que_hace(especie,id_comportamiento_nrml) VALUES ('Pterodroma macroptera',14);
INSERT INTO aves.que_hace(especie,id_comportamiento_nrml) VALUES ('Chloroceryle americana',1);
INSERT INTO aves.que_hace(especie,id_comportamiento_nrml) VALUES ('Anairetes parulus',1);
INSERT INTO aves.que_hace(especie,id_comportamiento_nrml) VALUES ('Colaptes rupicola',1);
INSERT INTO aves.que_hace(especie,id_comportamiento_nrml) VALUES ('Aptenodytes patagonicus',11);
INSERT INTO aves.que_hace(especie,id_comportamiento_nrml) VALUES ('Puffinus creatopus',12);
INSERT INTO aves.que_hace(especie,id_comportamiento_nrml) VALUES ('Cygnus melanocoryphus',1);
INSERT INTO aves.que_hace(especie,id_comportamiento_nrml) VALUES ('Aphrastura spinicauda',1);
INSERT INTO aves.que_hace(especie,id_comportamiento_nrml) VALUES ('Rollandia Rolland',9);
INSERT INTO aves.que_hace(especie,id_comportamiento_nrml) VALUES ('Pygoscelis adeliae',1);
INSERT INTO aves.que_hace(especie,id_comportamiento_nrml) VALUES ('Chloephaga hybrida',1);
INSERT INTO aves.que_hace(especie,id_comportamiento_nrml) VALUES ('Phoebetria fusca',12);
INSERT INTO aves.que_hace(especie,id_comportamiento_nrml) VALUES ('Chloephaga melanoptera',1);
INSERT INTO aves.que_hace(especie,id_comportamiento_nrml) VALUES ('Chloephaga rubidiceps',1);
INSERT INTO aves.que_hace(especie,id_comportamiento_nrml) VALUES ('Merganetta armata',3);
INSERT INTO aves.que_hace(especie,id_comportamiento_nrml) VALUES ('Colaptes pitius',1);
INSERT INTO aves.que_hace(especie,id_comportamiento_nrml) VALUES ('Dendrocygna bicolor',1);
INSERT INTO aves.que_hace(especie,id_comportamiento_nrml) VALUES ('Campephilus magellanicus',1);
INSERT INTO aves.que_hace(especie,id_comportamiento_nrml) VALUES ('Turdus falcklandii',21);
INSERT INTO aves.que_hace(especie,id_comportamiento_nrml) VALUES ('Oreotrochilus leucopleurus',1);
INSERT INTO aves.que_hace(especie,id_comportamiento_nrml) VALUES ('Patagona gigas',1);
INSERT INTO aves.que_hace(especie,id_comportamiento_nrml) VALUES ('Tinamotis ingoufi',1);
INSERT INTO aves.que_hace(especie,id_comportamiento_nrml) VALUES ('Glaucidium nanum',23);
INSERT INTO aves.que_hace(especie,id_comportamiento_nrml) VALUES ('Pelecanus thagus',1);
INSERT INTO aves.que_hace(especie,id_comportamiento_nrml) VALUES ('Pygoscelis papua',1);
INSERT INTO aves.que_hace(especie,id_comportamiento_nrml) VALUES ('Nothoprocta perdicaria',6);
INSERT INTO aves.que_hace(especie,id_comportamiento_nrml) VALUES ('Tinamotis pentlandii',1);
INSERT INTO aves.que_hace(especie,id_comportamiento_nrml) VALUES ('Pterocnemia pennata',4);
INSERT INTO aves.que_hace(especie,id_comportamiento_nrml) VALUES ('Geositta tenuirostris',1);
INSERT INTO aves.que_hace(especie,id_comportamiento_nrml) VALUES ('Nothoprocta ornata',5);
INSERT INTO aves.que_hace(especie,id_comportamiento_nrml) VALUES ('Phasianus colchicus',1);
INSERT INTO aves.que_hace(especie,id_comportamiento_nrml) VALUES ('Phoebastria irrorata',12);
INSERT INTO aves.que_hace(especie,id_comportamiento_nrml) VALUES ('Pelecanoides garnotii',15);
INSERT INTO aves.que_hace(especie,id_comportamiento_nrml) VALUES ('Chloephaga picta',1);
INSERT INTO aves.que_hace(especie,id_comportamiento_nrml) VALUES ('Thalassarche melanophrys',12);
INSERT INTO aves.que_hace(especie,id_comportamiento_nrml) VALUES ('Aphrodroma brevirostris',13);
INSERT INTO aves.que_hace(especie,id_comportamiento_nrml) VALUES ('Dedrocygna autumnalis',1);
INSERT INTO aves.que_hace(especie,id_comportamiento_nrml) VALUES ('Oreotrochilus estella',1);
INSERT INTO aves.que_hace(especie,id_comportamiento_nrml) VALUES ('Diomedea exulans',12);
INSERT INTO aves.que_hace(especie,id_comportamiento_nrml) VALUES ('Dryobates lignarius',1);
INSERT INTO aves.que_hace(especie,id_comportamiento_nrml) VALUES ('Aeronautes  andecolus',1);
INSERT INTO aves.que_hace(especie,id_comportamiento_nrml) VALUES ('Sylviorthorhynchus desmursii',1);
INSERT INTO aves.que_hace(especie,id_comportamiento_nrml) VALUES ('Cairina moschata',1);
INSERT INTO aves.que_hace(especie,id_comportamiento_nrml) VALUES ('Podiceps major',1);
INSERT INTO aves.que_hace(especie,id_comportamiento_nrml) VALUES ('Dendrocygna viduata',2);
INSERT INTO aves.que_hace(especie,id_comportamiento_nrml) VALUES ('Lafresnaya lafresnayi',1);
INSERT INTO aves.que_hace(especie,id_comportamiento_nrml) VALUES ('Leptasthenura aegithaloides',1);
INSERT INTO aves.que_hace(especie,id_comportamiento_nrml) VALUES ('Podilymbus podiceps',8);
INSERT INTO aves.que_hace(especie,id_comportamiento_nrml) VALUES ('Pteroptochos tarnii',1);
INSERT INTO aves.que_hace(especie,id_comportamiento_nrml) VALUES ('Pteroptochos megapodius',1);
INSERT INTO aves.que_hace(especie,id_comportamiento_nrml) VALUES ('Upucerthia dumetaria',1);
INSERT INTO aves.que_hace(especie,id_comportamiento_nrml) VALUES ('Chloephaga poliocephala',1);
INSERT INTO aves.que_hace(especie,id_comportamiento_nrml) VALUES ('Spheniscus humboldti',12);
INSERT INTO aves.que_hace(especie,id_comportamiento_nrml) VALUES ('Fulmarus glacialoides',12);
INSERT INTO aves.que_hace(especie,id_comportamiento_nrml) VALUES ('Elaenia albiceps',20);
INSERT INTO aves.que_hace(especie,id_comportamiento_nrml) VALUES ('Ceryle torquata',1);
INSERT INTO aves.que_hace(especie,id_comportamiento_nrml) VALUES ('Calliplepa Californica',7);
INSERT INTO aves.que_hace(especie,id_comportamiento_nrml) VALUES ('Aptenodytes forsteri',1);
INSERT INTO aves.que_hace(especie,id_comportamiento_nrml) VALUES ('Caprimulgus longirostris',18);
INSERT INTO aves.que_hace(especie,id_comportamiento_nrml) VALUES ('Geositta cunicularia',1);
INSERT INTO aves.que_hace(especie,id_comportamiento_nrml) VALUES ('Chaetura pelagica',1);
INSERT INTO aves.que_hace(especie,id_comportamiento_nrml) VALUES ('Phaeton aethereus',16);
INSERT INTO aves.que_hace(especie,id_comportamiento_nrml) VALUES ('Chordeiles acutipennis',17);
INSERT INTO aves.que_hace(especie,id_comportamiento_nrml) VALUES ('Pagodroma nivea',12);
INSERT INTO aves.sujeto(especie,dir_foto) VALUES ('Phaeton aethereus','https://www.avesdechile.cl/0jpgn/198ds1.jpg');
INSERT INTO aves.sujeto(especie,dir_foto) VALUES ('Nothoprocta ornata','https://www.avesdechile.cl/0jpgn/339ra1.jpg');
INSERT INTO aves.sujeto(especie,dir_foto) VALUES ('Chaetura pelagica','https://www.avesdechile.cl/0jpgn/372.jpg');
INSERT INTO aves.sujeto(especie,dir_foto) VALUES ('Calliplepa Californica','https://www.avesdechile.cl/0jpgn/016jc2.jpg');
INSERT INTO aves.sujeto(especie,dir_foto) VALUES ('Dryobates lignarius','https://www.avesdechile.cl/0jpgn/293wb3.jpg');
INSERT INTO aves.sujeto(especie,dir_foto) VALUES ('Pterodroma macroptera','https://www.avesdechile.cl/0jpgn/194ro1.jpg');
INSERT INTO aves.sujeto(especie,dir_foto) VALUES ('Pteroptochos megapodius','https://www.avesdechile.cl/0jpgn/170rrc1.jpg');
INSERT INTO aves.sujeto(especie,dir_foto) VALUES ('Pelecanoides garnotii','https://www.avesdechile.cl/0jpgn/351jctm1.jpg');
INSERT INTO aves.sujeto(especie,dir_foto) VALUES ('Caprimulgus longirostris','https://www.avesdechile.cl/0jpgn/150jc5.jpg');
INSERT INTO aves.sujeto(especie,dir_foto) VALUES ('Glaucidium nanum','https://www.avesdechile.cl/0jpgn/036er1.jpg');
INSERT INTO aves.sujeto(especie,dir_foto) VALUES ('Chloephaga poliocephala','https://www.avesdechile.cl/0jpgn/046.jpg');
INSERT INTO aves.sujeto(especie,dir_foto) VALUES ('Zonotrichia capensis','https://www.avesdechile.cl/0jpgn/186jt1.jpg');
INSERT INTO aves.sujeto(especie,dir_foto) VALUES ('Thalassarche melanophrys','https://www.avesdechile.cl/0jpgn/117jt1.jpg');
INSERT INTO aves.sujeto(especie,dir_foto) VALUES ('Rollandia Rolland','https://www.avesdechile.cl/0jpgn/006ea1.jpg');
INSERT INTO aves.sujeto(especie,dir_foto) VALUES ('Nothoprocta pentlandii','https://www.avesdechile.cl/0jpgn/340ht2.jpg');
INSERT INTO aves.sujeto(especie,dir_foto) VALUES ('Cygnus melanocoryphus','https://www.avesdechile.cl/0jpgn/050jt2.jpg');
INSERT INTO aves.sujeto(especie,dir_foto) VALUES ('Lafresnaya lafresnayi','https://www.avesdechile.cl/0jpgn/378se.jpg');
INSERT INTO aves.sujeto(especie,dir_foto) VALUES ('Dedrocygna autumnalis','https://www.avesdechile.cl/0jpgn/332pv1.jpg');
INSERT INTO aves.sujeto(especie,dir_foto) VALUES ('Aeronautes  andecolus','https://www.avesdechile.cl/0jpgn/371ap1.jpg');
INSERT INTO aves.sujeto(especie,dir_foto) VALUES ('Pygoscelis papua','https://www.avesdechile.cl/0jpgn/106pc3.jpg');
INSERT INTO aves.sujeto(especie,dir_foto) VALUES ('Geositta cunicularia','https://www.avesdechile.cl/0jpgn/172jc1.jpg');
INSERT INTO aves.sujeto(especie,dir_foto) VALUES ('Chloroceryle americana','https://www.avesdechile.cl/0jpgn/245.jpg');
INSERT INTO aves.sujeto(especie,dir_foto) VALUES ('Tinamotis ingoufi','https://www.avesdechile.cl/0jpgn/387jpr1.jpg');
INSERT INTO aves.sujeto(especie,dir_foto) VALUES ('Podilymbus podiceps','https://www.avesdechile.cl/0jpgn/155.jpg');
INSERT INTO aves.sujeto(especie,dir_foto) VALUES ('Aptenodytes forsteri','https://www.avesdechile.cl/0jpgn/100.jpg');
INSERT INTO aves.sujeto(especie,dir_foto) VALUES ('Coscoroba coscoroba','https://www.avesdechile.cl/0jpgn/067hk1.jpg');
INSERT INTO aves.sujeto(especie,dir_foto) VALUES ('Colaptes rupicola','https://www.avesdechile.cl/0jpgn/007ap1.jpg');
INSERT INTO aves.sujeto(especie,dir_foto) VALUES ('Sylviorthorhynchus desmursii','https://www.avesdechile.cl/0jpgn/327ar1.jpg');
INSERT INTO aves.sujeto(especie,dir_foto) VALUES ('Oreotrochilus estella','https://www.avesdechile.cl/0jpgn/380gde.jpg');
INSERT INTO aves.sujeto(especie,dir_foto) VALUES ('Podiceps occipitalis','https://www.avesdechile.cl/0jpgn/256.jpg');
INSERT INTO aves.sujeto(especie,dir_foto) VALUES ('Diomedea exulans','https://www.avesdechile.cl/0jpgn/118pc1.jpg');
INSERT INTO aves.sujeto(especie,dir_foto) VALUES ('Phasianus colchicus','https://www.avesdechile.cl/0jpgn/111jc1.jpg');
INSERT INTO aves.sujeto(especie,dir_foto) VALUES ('Pterodroma lessoni','https://www.avesdechile.cl/0jpgn/195.jpg');
INSERT INTO aves.sujeto(especie,dir_foto) VALUES ('Fregetta grallaria','https://www.avesdechile.cl/0jpgn/435mg1.jpg');
INSERT INTO aves.sujeto(especie,dir_foto) VALUES ('Leptasthenura aegithaloides','https://www.avesdechile.cl/0jpgn/054jt1.jpg');
INSERT INTO aves.sujeto(especie,dir_foto) VALUES ('Ceryle torquata','https://www.avesdechile.cl/0jpgn/047wb1.jpg');
INSERT INTO aves.sujeto(especie,dir_foto) VALUES ('Pteroptochos tarnii','https://www.avesdechile.cl/0jpgn/184wb1.jpg');
INSERT INTO aves.sujeto(especie,dir_foto) VALUES ('Tinamotis pentlandii','https://www.avesdechile.cl/0jpgn/142ha1.jpg');
INSERT INTO aves.sujeto(especie,dir_foto) VALUES ('Chloephaga picta','https://www.avesdechile.cl/0jpgn/166m.jpg');
INSERT INTO aves.sujeto(especie,dir_foto) VALUES ('Pygoscelis antarctica','https://upload.wikimedia.org/wikipedia/commons/6/69/Manchot_01.jpg');
INSERT INTO aves.sujeto(especie,dir_foto) VALUES ('Aphrastura spinicauda','https://www.avesdechile.cl/0jpgn/080jc2.jpg');
INSERT INTO aves.sujeto(especie,dir_foto) VALUES ('Turdus falcklandii','https://www.avesdechile.cl/0jpgn/168jt1.jpg');
INSERT INTO aves.sujeto(especie,dir_foto) VALUES ('Elaenia albiceps','https://www.avesdechile.cl/0jpgn/081jt4.jpg');
INSERT INTO aves.sujeto(especie,dir_foto) VALUES ('Cairina moschata','https://www.avesdechile.cl/0jpgn/463ag1.jpg');
INSERT INTO aves.sujeto(especie,dir_foto) VALUES ('Macronectes giganteus','https://www.avesdechile.cl/0jpgn/210.jpg');
INSERT INTO aves.sujeto(especie,dir_foto) VALUES ('Pterocnemia pennata','https://www.avesdechile.cl/0jpgn/139a.jpg');
INSERT INTO aves.sujeto(especie,dir_foto) VALUES ('Phoebastria irrorata','https://www.avesdechile.cl/0jpgn/484dr1.jpg');
INSERT INTO aves.sujeto(especie,dir_foto) VALUES ('Colibri coruscans','https://www.avesdechile.cl/0jpgn/381gg1.jpg');
INSERT INTO aves.sujeto(especie,dir_foto) VALUES ('Geositta tenuirostris','https://www.avesdechile.cl/0jpgn/391.jpg');
INSERT INTO aves.sujeto(especie,dir_foto) VALUES ('Chloephaga melanoptera','https://www.avesdechile.cl/0jpgn/027.jpg');
INSERT INTO aves.sujeto(especie,dir_foto) VALUES ('Pagodroma nivea','https://www.avesdechile.cl/0jpgn/156pc1.jpg');
INSERT INTO aves.sujeto(especie,dir_foto) VALUES ('Eudromia elegans','https://www.avesdechile.cl/0jpgn/127.jpg');
INSERT INTO aves.sujeto(especie,dir_foto) VALUES ('Chloephaga rubidiceps','https://www.avesdechile.cl/0jpgn/237.jpg');
INSERT INTO aves.sujeto(especie,dir_foto) VALUES ('Chordeiles acutipennis','https://www.avesdechile.cl/0jpgn/095ek.jpg');
INSERT INTO aves.sujeto(especie,dir_foto) VALUES ('Colaptes pitius','https://www.avesdechile.cl/0jpgn/134jt1.jpg');
INSERT INTO aves.sujeto(especie,dir_foto) VALUES ('Dendrocygna bicolor','https://www.avesdechile.cl/0jpgn/200.jpg');
INSERT INTO aves.sujeto(especie,dir_foto) VALUES ('Dendrocygna viduata','https://www.avesdechile.cl/0jpgn/128mm3.jpg');
INSERT INTO aves.sujeto(especie,dir_foto) VALUES ('Aptenodytes patagonicus','https://www.avesdechile.cl/0jpgn/104csq14.jpg');
INSERT INTO aves.sujeto(especie,dir_foto) VALUES ('Oreotrochilus leucopleurus','https://www.avesdechile.cl/0jpgn/382wb2.jpg');
INSERT INTO aves.sujeto(especie,dir_foto) VALUES ('Tyto alba','https://www.avesdechile.cl/0jpgn/094jc4.jpg');
INSERT INTO aves.sujeto(especie,dir_foto) VALUES ('Chloephaga hybrida','https://www.avesdechile.cl/0jpgn/048.jpg');
INSERT INTO aves.sujeto(especie,dir_foto) VALUES ('Spheniscus humboldti','https://www.avesdechile.cl/0jpgn/025ea1.jpg');
INSERT INTO aves.sujeto(especie,dir_foto) VALUES ('Nothoprocta perdicaria','https://www.avesdechile.cl/0jpgn/064wb1.jpg');
INSERT INTO aves.sujeto(especie,dir_foto) VALUES ('Anairetes parulus','https://www.avesdechile.cl/0jpgn/035jc1.jpg');
INSERT INTO aves.sujeto(especie,dir_foto) VALUES ('Fulmarus glacialoides','https://www.avesdechile.cl/0jpgn/211cm1.jpg');
INSERT INTO aves.sujeto(especie,dir_foto) VALUES ('Upucerthia dumetaria','https://www.avesdechile.cl/0jpgn/452jt1.jpg');
INSERT INTO aves.sujeto(especie,dir_foto) VALUES ('Campephilus magellanicus','https://www.avesdechile.cl/0jpgn/115jpr2.jpg');
INSERT INTO aves.sujeto(especie,dir_foto) VALUES ('Aphrodroma brevirostris','https://www.avesdechile.cl/0jpgn/446.jpg');
INSERT INTO aves.sujeto(especie,dir_foto) VALUES ('Pygoscelis adeliae','https://www.avesdechile.cl/0jpgn/105.jpg');
INSERT INTO aves.sujeto(especie,dir_foto) VALUES ('Puffinus creatopus','https://www.avesdechile.cl/0jpgn/432a.jpg');
INSERT INTO aves.sujeto(especie,dir_foto) VALUES ('Pelecanus thagus','https://www.avesdechile.cl/0jpgn/087.jpg');
INSERT INTO aves.sujeto(especie,dir_foto) VALUES ('Patagona gigas','https://www.avesdechile.cl/0jpgn/148an1.jpg');
INSERT INTO aves.sujeto(especie,dir_foto) VALUES ('Phoebetria fusca','https://www.avesdechile.cl/0jpgn/460.jpg');
INSERT INTO aves.sujeto(especie,dir_foto) VALUES ('Podiceps major','https://www.avesdechile.cl/0jpgn/203ea1.jpg');
INSERT INTO aves.sujeto(especie,dir_foto) VALUES ('Merganetta armata','https://www.avesdechile.cl/0jpgn/002a.jpg');
INSERT INTO aves.apariencia_normal__color(id_apariencia_nrml,id_color) VALUES (7,6);
INSERT INTO aves.apariencia_normal__color(id_apariencia_nrml,id_color) VALUES (7,12);
INSERT INTO aves.apariencia_normal__color(id_apariencia_nrml,id_color) VALUES (1,2);
INSERT INTO aves.apariencia_normal__color(id_apariencia_nrml,id_color) VALUES (1,5);
INSERT INTO aves.apariencia_normal__color(id_apariencia_nrml,id_color) VALUES (28,11);
INSERT INTO aves.apariencia_normal__color(id_apariencia_nrml,id_color) VALUES (11,8);
INSERT INTO aves.apariencia_normal__color(id_apariencia_nrml,id_color) VALUES (6,4);
INSERT INTO aves.apariencia_normal__color(id_apariencia_nrml,id_color) VALUES (1,1);
INSERT INTO aves.apariencia_normal__color(id_apariencia_nrml,id_color) VALUES (8,7);
INSERT INTO aves.apariencia_normal__color(id_apariencia_nrml,id_color) VALUES (28,10);
INSERT INTO aves.apariencia_normal__color(id_apariencia_nrml,id_color) VALUES (1,13);
INSERT INTO aves.apariencia_normal__color(id_apariencia_nrml,id_color) VALUES (5,3);
INSERT INTO aves.apariencia_normal__color(id_apariencia_nrml,id_color) VALUES (1,9);
INSERT INTO aves.ubicacion(nombre,tipo_localidad,region) VALUES ('San Bernardo','rural','Metropolitana');
INSERT INTO aves.ubicacion(nombre,tipo_localidad,region) VALUES ('Paine','rural','Metropolitana');
INSERT INTO aves.ubicacion(nombre,tipo_localidad,region) VALUES ('Colchahua','rural','Maule');
INSERT INTO aves.ubicacion(nombre,tipo_localidad,region) VALUES ('Antofagasta','costa','Antofagasta');
INSERT INTO aves.ubicacion(nombre,tipo_localidad,region) VALUES ('Coquimbo','costa','Coquimbo');
INSERT INTO aves.ubicacion(nombre,tipo_localidad,region) VALUES ('Los Andes','rural','Valparaíso');
INSERT INTO aves.ubicacion(nombre,tipo_localidad,region) VALUES ('Osorno','pueblo','Los Lagos');
INSERT INTO aves.ubicacion(nombre,tipo_localidad,region) VALUES ('Talca','ciudad','Maule');
INSERT INTO aves.ubicacion(nombre,tipo_localidad,region) VALUES ('Huasco','rural','Atacama');
INSERT INTO aves.ubicacion(nombre,tipo_localidad,region) VALUES ('Chiloé','ciudad','Los Lagos');
INSERT INTO aves.ubicacion(nombre,tipo_localidad,region) VALUES ('Cabo de Hornos','rural','Magallanes');
INSERT INTO aves.ubicacion(nombre,tipo_localidad,region) VALUES ('Valdivia','rural','Los Ríos');
INSERT INTO aves.ubicacion(nombre,tipo_localidad,region) VALUES ('Arica','rural','Arica-Parinacota');
INSERT INTO aves.ubicacion(nombre,tipo_localidad,region) VALUES ('Laja','rural','Bío Bío');
INSERT INTO aves.ubicacion(nombre,tipo_localidad,region) VALUES ('Tierra del Fuego','rural','Magallanes');
INSERT INTO aves.ubicacion(nombre,tipo_localidad,region) VALUES ('Punta Arenas','rural','Magallanes');
INSERT INTO aves.ubicacion(nombre,tipo_localidad,region) VALUES ('Iquique','rural','Tarapacá');
INSERT INTO aves.ubicacion(nombre,tipo_localidad,region) VALUES ('Copiapó','rural','Atacama');
INSERT INTO aves.ubicacion(nombre,tipo_localidad,region) VALUES ('Vallenar','rural','Atacama');
INSERT INTO aves.ubicacion(nombre,tipo_localidad,region) VALUES ('Aysén','rural','Aysén');
INSERT INTO aves.ubicacion(nombre,tipo_localidad,region) VALUES ('Linares','rural','Maule');
INSERT INTO aves.ubicacion(nombre,tipo_localidad,region) VALUES ('Llanquihue','rural','Los Lagos');
INSERT INTO aves.ubicacion(nombre,tipo_localidad,region) VALUES ('Chile Chico','rural','Aysén');
INSERT INTO aves.ubicacion(nombre,tipo_localidad,region) VALUES ('Temuco','rural','Araucanía');
INSERT INTO aves.ubicacion(nombre,tipo_localidad,region) VALUES ('Atacama','rural','Atacama');
INSERT INTO aves.ubicacion(nombre,tipo_localidad,region) VALUES ('Archipiélado Juan Fernández','pueblo','Valparaíso');
INSERT INTO aves.ubicacion(nombre,tipo_localidad,region) VALUES ('Antártica','rural','Magallanes');
INSERT INTO aves.ubicacion(nombre,tipo_localidad,region) VALUES ('Tongoy','rural','Coquimbo');
INSERT INTO aves.ubicacion(nombre,tipo_localidad,region) VALUES ('Chañaral','rural','Atacama');
INSERT INTO aves.ubicacion(nombre,tipo_localidad,region) VALUES ('Concepción','rural','Bío Bío');
INSERT INTO aves.ubicacion(nombre,tipo_localidad,region) VALUES ('Quillagua','oasis','Antofagasta');
INSERT INTO aves.ubicacion(nombre,tipo_localidad,region) VALUES ('Calama','ciudad','Antofagasta');
INSERT INTO aves.ubicacion(nombre,tipo_localidad,region) VALUES ('Parinacota','rural','Arica-Parinacota');
INSERT INTO aves.ubicacion(nombre,tipo_localidad,region) VALUES ('Toconao','rural','Antofagasta');
INSERT INTO aves.ubicacion(nombre,tipo_localidad,region) VALUES ('Socoroma','rural','Arica-Parinacota');
INSERT INTO aves.ubicacion(nombre,tipo_localidad,region) VALUES ('Tarapacá','rural','Tarapacá');
INSERT INTO aves.se_encuentra_en(especie,nombre) VALUES ('Tyto alba','Cabo de Hornos');
INSERT INTO aves.se_encuentra_en(especie,nombre) VALUES ('Thalassarche melanophrys','Temuco');
INSERT INTO aves.se_encuentra_en(especie,nombre) VALUES ('Pteroptochos megapodius','Tongoy');
INSERT INTO aves.se_encuentra_en(especie,nombre) VALUES ('Podiceps major','Tongoy');
INSERT INTO aves.se_encuentra_en(especie,nombre) VALUES ('Thalassarche melanophrys','Valdivia');
INSERT INTO aves.se_encuentra_en(especie,nombre) VALUES ('Colaptes pitius','Llanquihue');
INSERT INTO aves.se_encuentra_en(especie,nombre) VALUES ('Sylviorthorhynchus desmursii','Tierra del Fuego');
INSERT INTO aves.se_encuentra_en(especie,nombre) VALUES ('Merganetta armata','Antártica');
INSERT INTO aves.se_encuentra_en(especie,nombre) VALUES ('Nothoprocta perdicaria','Temuco');
INSERT INTO aves.se_encuentra_en(especie,nombre) VALUES ('Campephilus magellanicus','Osorno');
INSERT INTO aves.se_encuentra_en(especie,nombre) VALUES ('Podiceps occipitalis','Tongoy');
INSERT INTO aves.se_encuentra_en(especie,nombre) VALUES ('Geositta cunicularia','Tongoy');
INSERT INTO aves.se_encuentra_en(especie,nombre) VALUES ('Chloephaga melanoptera','Antofagasta');
INSERT INTO aves.se_encuentra_en(especie,nombre) VALUES ('Caprimulgus longirostris','Los Andes');
INSERT INTO aves.se_encuentra_en(especie,nombre) VALUES ('Macronectes giganteus','San Bernardo');
INSERT INTO aves.se_encuentra_en(especie,nombre) VALUES ('Tyto alba','Chiloé');
INSERT INTO aves.se_encuentra_en(especie,nombre) VALUES ('Nothoprocta ornata','Arica');
INSERT INTO aves.se_encuentra_en(especie,nombre) VALUES ('Caprimulgus longirostris','Chañaral');
INSERT INTO aves.se_encuentra_en(especie,nombre) VALUES ('Diomedea exulans','Chile Chico');
INSERT INTO aves.se_encuentra_en(especie,nombre) VALUES ('Chloephaga melanoptera','Huasco');
INSERT INTO aves.se_encuentra_en(especie,nombre) VALUES ('Oreotrochilus leucopleurus','Antofagasta');
INSERT INTO aves.se_encuentra_en(especie,nombre) VALUES ('Calliplepa Californica','Copiapó');
INSERT INTO aves.se_encuentra_en(especie,nombre) VALUES ('Chloephaga picta','Laja');
INSERT INTO aves.se_encuentra_en(especie,nombre) VALUES ('Sylviorthorhynchus desmursii','Punta Arenas');
INSERT INTO aves.se_encuentra_en(especie,nombre) VALUES ('Dryobates lignarius','Aysén');
INSERT INTO aves.se_encuentra_en(especie,nombre) VALUES ('Pelecanus thagus','Colchahua');
INSERT INTO aves.se_encuentra_en(especie,nombre) VALUES ('Patagona gigas','Atacama');
INSERT INTO aves.se_encuentra_en(especie,nombre) VALUES ('Macronectes giganteus','Osorno');
INSERT INTO aves.se_encuentra_en(especie,nombre) VALUES ('Oreotrochilus estella','Calama');
INSERT INTO aves.se_encuentra_en(especie,nombre) VALUES ('Dendrocygna bicolor','Paine');
INSERT INTO aves.se_encuentra_en(especie,nombre) VALUES ('Tyto alba','Copiapó');
INSERT INTO aves.se_encuentra_en(especie,nombre) VALUES ('Merganetta armata','Atacama');
INSERT INTO aves.se_encuentra_en(especie,nombre) VALUES ('Pelecanus thagus','Huasco');
INSERT INTO aves.se_encuentra_en(especie,nombre) VALUES ('Leptasthenura aegithaloides','Talca');
INSERT INTO aves.se_encuentra_en(especie,nombre) VALUES ('Glaucidium nanum','Concepción');
INSERT INTO aves.se_encuentra_en(especie,nombre) VALUES ('Sylviorthorhynchus desmursii','Concepción');
INSERT INTO aves.se_encuentra_en(especie,nombre) VALUES ('Chloephaga melanoptera','Vallenar');
INSERT INTO aves.se_encuentra_en(especie,nombre) VALUES ('Macronectes giganteus','Antofagasta');
INSERT INTO aves.se_encuentra_en(especie,nombre) VALUES ('Pelecanoides garnotii','Arica');
INSERT INTO aves.se_encuentra_en(especie,nombre) VALUES ('Cairina moschata','Colchahua');
INSERT INTO aves.se_encuentra_en(especie,nombre) VALUES ('Thalassarche melanophrys','Tierra del Fuego');
INSERT INTO aves.se_encuentra_en(especie,nombre) VALUES ('Podiceps occipitalis','Llanquihue');
INSERT INTO aves.se_encuentra_en(especie,nombre) VALUES ('Diomedea exulans','Linares');
INSERT INTO aves.se_encuentra_en(especie,nombre) VALUES ('Leptasthenura aegithaloides','Archipiélado Juan Fernández');
INSERT INTO aves.se_encuentra_en(especie,nombre) VALUES ('Thalassarche melanophrys','Linares');
INSERT INTO aves.se_encuentra_en(especie,nombre) VALUES ('Caprimulgus longirostris','Parinacota');
INSERT INTO aves.se_encuentra_en(especie,nombre) VALUES ('Patagona gigas','Los Andes');
INSERT INTO aves.se_encuentra_en(especie,nombre) VALUES ('Tyto alba','Temuco');
INSERT INTO aves.se_encuentra_en(especie,nombre) VALUES ('Spheniscus humboldti','Arica');
INSERT INTO aves.se_encuentra_en(especie,nombre) VALUES ('Turdus falcklandii','Talca');
INSERT INTO aves.se_encuentra_en(especie,nombre) VALUES ('Merganetta armata','Los Andes');
INSERT INTO aves.se_encuentra_en(especie,nombre) VALUES ('Rollandia Rolland','Concepción');
INSERT INTO aves.se_encuentra_en(especie,nombre) VALUES ('Merganetta armata','Chañaral');
INSERT INTO aves.se_encuentra_en(especie,nombre) VALUES ('Thalassarche melanophrys','Punta Arenas');
INSERT INTO aves.se_encuentra_en(especie,nombre) VALUES ('Colaptes rupicola','Socoroma');
INSERT INTO aves.se_encuentra_en(especie,nombre) VALUES ('Turdus falcklandii','Archipiélado Juan Fernández');
INSERT INTO aves.se_encuentra_en(especie,nombre) VALUES ('Thalassarche melanophrys','Socoroma');
INSERT INTO aves.se_encuentra_en(especie,nombre) VALUES ('Chaetura pelagica','Huasco');
INSERT INTO aves.se_encuentra_en(especie,nombre) VALUES ('Macronectes giganteus','Vallenar');
INSERT INTO aves.se_encuentra_en(especie,nombre) VALUES ('Chloephaga melanoptera','Iquique');
INSERT INTO aves.se_encuentra_en(especie,nombre) VALUES ('Zonotrichia capensis','Concepción');
INSERT INTO aves.se_encuentra_en(especie,nombre) VALUES ('Anairetes parulus','Talca');
INSERT INTO aves.se_encuentra_en(especie,nombre) VALUES ('Merganetta armata','Chile Chico');
INSERT INTO aves.se_encuentra_en(especie,nombre) VALUES ('Diomedea exulans','Calama');
INSERT INTO aves.se_encuentra_en(especie,nombre) VALUES ('Dendrocygna viduata','Antofagasta');
INSERT INTO aves.se_encuentra_en(especie,nombre) VALUES ('Nothoprocta perdicaria','Concepción');
INSERT INTO aves.se_encuentra_en(especie,nombre) VALUES ('Podilymbus podiceps','Coquimbo');
INSERT INTO aves.se_encuentra_en(especie,nombre) VALUES ('Pelecanoides garnotii','Talca');
INSERT INTO aves.se_encuentra_en(especie,nombre) VALUES ('Turdus falcklandii','Antártica');
INSERT INTO aves.se_encuentra_en(especie,nombre) VALUES ('Campephilus magellanicus','Llanquihue');
INSERT INTO aves.se_encuentra_en(especie,nombre) VALUES ('Podilymbus podiceps','Paine');
INSERT INTO aves.se_encuentra_en(especie,nombre) VALUES ('Caprimulgus longirostris','San Bernardo');
INSERT INTO aves.se_encuentra_en(especie,nombre) VALUES ('Pelecanus thagus','Iquique');
INSERT INTO aves.se_encuentra_en(especie,nombre) VALUES ('Aeronautes  andecolus','Arica');
INSERT INTO aves.se_encuentra_en(especie,nombre) VALUES ('Campephilus magellanicus','Laja');
INSERT INTO aves.se_encuentra_en(especie,nombre) VALUES ('Anairetes parulus','Archipiélado Juan Fernández');
INSERT INTO aves.se_encuentra_en(especie,nombre) VALUES ('Pelecanoides garnotii','Archipiélado Juan Fernández');
INSERT INTO aves.se_encuentra_en(especie,nombre) VALUES ('Caprimulgus longirostris','Osorno');
INSERT INTO aves.se_encuentra_en(especie,nombre) VALUES ('Merganetta armata','Parinacota');
INSERT INTO aves.se_encuentra_en(especie,nombre) VALUES ('Anairetes parulus','Antártica');
INSERT INTO aves.se_encuentra_en(especie,nombre) VALUES ('Patagona gigas','Linares');
INSERT INTO aves.se_encuentra_en(especie,nombre) VALUES ('Macronectes giganteus','Toconao');
INSERT INTO aves.se_encuentra_en(especie,nombre) VALUES ('Macronectes giganteus','Llanquihue');
INSERT INTO aves.se_encuentra_en(especie,nombre) VALUES ('Chloephaga melanoptera','Quillagua');
INSERT INTO aves.se_encuentra_en(especie,nombre) VALUES ('Nothoprocta ornata','Atacama');
INSERT INTO aves.se_encuentra_en(especie,nombre) VALUES ('Glaucidium nanum','Osorno');
INSERT INTO aves.se_encuentra_en(especie,nombre) VALUES ('Macronectes giganteus','Laja');
INSERT INTO aves.se_encuentra_en(especie,nombre) VALUES ('Tyto alba','Tierra del Fuego');
INSERT INTO aves.se_encuentra_en(especie,nombre) VALUES ('Turdus falcklandii','Atacama');
INSERT INTO aves.se_encuentra_en(especie,nombre) VALUES ('Cygnus melanocoryphus','Chiloé');
INSERT INTO aves.se_encuentra_en(especie,nombre) VALUES ('Caprimulgus longirostris','Antofagasta');
INSERT INTO aves.se_encuentra_en(especie,nombre) VALUES ('Chloephaga hybrida','Chiloé');
INSERT INTO aves.se_encuentra_en(especie,nombre) VALUES ('Fregetta grallaria','Archipiélado Juan Fernández');
INSERT INTO aves.se_encuentra_en(especie,nombre) VALUES ('Pelecanus thagus','Coquimbo');
INSERT INTO aves.se_encuentra_en(especie,nombre) VALUES ('Diomedea exulans','Tarapacá');
INSERT INTO aves.se_encuentra_en(especie,nombre) VALUES ('Leptasthenura aegithaloides','Los Andes');
INSERT INTO aves.se_encuentra_en(especie,nombre) VALUES ('Glaucidium nanum','Colchahua');
INSERT INTO aves.se_encuentra_en(especie,nombre) VALUES ('Ceryle torquata','Aysén');
INSERT INTO aves.se_encuentra_en(especie,nombre) VALUES ('Dryobates lignarius','Archipiélado Juan Fernández');
INSERT INTO aves.se_encuentra_en(especie,nombre) VALUES ('Diomedea exulans','Tongoy');
INSERT INTO aves.se_encuentra_en(especie,nombre) VALUES ('Sylviorthorhynchus desmursii','Colchahua');
INSERT INTO aves.se_encuentra_en(especie,nombre) VALUES ('Thalassarche melanophrys','Tongoy');
INSERT INTO aves.se_encuentra_en(especie,nombre) VALUES ('Chaetura pelagica','Iquique');
INSERT INTO aves.se_encuentra_en(especie,nombre) VALUES ('Patagona gigas','San Bernardo');
INSERT INTO aves.se_encuentra_en(especie,nombre) VALUES ('Rollandia Rolland','Osorno');
INSERT INTO aves.se_encuentra_en(especie,nombre) VALUES ('Anairetes parulus','Atacama');
INSERT INTO aves.se_encuentra_en(especie,nombre) VALUES ('Calliplepa Californica','Chañaral');
INSERT INTO aves.se_encuentra_en(especie,nombre) VALUES ('Patagona gigas','Calama');
INSERT INTO aves.se_encuentra_en(especie,nombre) VALUES ('Merganetta armata','San Bernardo');
INSERT INTO aves.se_encuentra_en(especie,nombre) VALUES ('Pelecanoides garnotii','Atacama');
INSERT INTO aves.se_encuentra_en(especie,nombre) VALUES ('Glaucidium nanum','Huasco');
INSERT INTO aves.se_encuentra_en(especie,nombre) VALUES ('Tyto alba','Punta Arenas');
INSERT INTO aves.se_encuentra_en(especie,nombre) VALUES ('Macronectes giganteus','Quillagua');
INSERT INTO aves.se_encuentra_en(especie,nombre) VALUES ('Chloephaga rubidiceps','Tierra del Fuego');
INSERT INTO aves.se_encuentra_en(especie,nombre) VALUES ('Tyto alba','Socoroma');
INSERT INTO aves.se_encuentra_en(especie,nombre) VALUES ('Nothoprocta ornata','Chañaral');
INSERT INTO aves.se_encuentra_en(especie,nombre) VALUES ('Leptasthenura aegithaloides','Chile Chico');
INSERT INTO aves.se_encuentra_en(especie,nombre) VALUES ('Elaenia albiceps','Talca');
INSERT INTO aves.se_encuentra_en(especie,nombre) VALUES ('Podilymbus podiceps','Aysén');
INSERT INTO aves.se_encuentra_en(especie,nombre) VALUES ('Turdus falcklandii','Los Andes');
INSERT INTO aves.se_encuentra_en(especie,nombre) VALUES ('Podiceps major','Paine');
INSERT INTO aves.se_encuentra_en(especie,nombre) VALUES ('Merganetta armata','Osorno');
INSERT INTO aves.se_encuentra_en(especie,nombre) VALUES ('Caprimulgus longirostris','Vallenar');
INSERT INTO aves.se_encuentra_en(especie,nombre) VALUES ('Turdus falcklandii','Chañaral');
INSERT INTO aves.se_encuentra_en(especie,nombre) VALUES ('Rollandia Rolland','Antofagasta');
INSERT INTO aves.se_encuentra_en(especie,nombre) VALUES ('Spheniscus humboldti','Atacama');
INSERT INTO aves.se_encuentra_en(especie,nombre) VALUES ('Elaenia albiceps','Archipiélado Juan Fernández');
INSERT INTO aves.se_encuentra_en(especie,nombre) VALUES ('Rollandia Rolland','Huasco');
INSERT INTO aves.se_encuentra_en(especie,nombre) VALUES ('Tyto alba','Concepción');
INSERT INTO aves.se_encuentra_en(especie,nombre) VALUES ('Glaucidium nanum','Vallenar');
INSERT INTO aves.se_encuentra_en(especie,nombre) VALUES ('Cygnus melanocoryphus','Temuco');
INSERT INTO aves.se_encuentra_en(especie,nombre) VALUES ('Geositta cunicularia','Paine');
INSERT INTO aves.se_encuentra_en(especie,nombre) VALUES ('Anairetes parulus','Los Andes');
INSERT INTO aves.se_encuentra_en(especie,nombre) VALUES ('Chloephaga rubidiceps','Punta Arenas');
INSERT INTO aves.se_encuentra_en(especie,nombre) VALUES ('Turdus falcklandii','Chile Chico');
INSERT INTO aves.se_encuentra_en(especie,nombre) VALUES ('Zonotrichia capensis','Colchahua');
INSERT INTO aves.se_encuentra_en(especie,nombre) VALUES ('Elaenia albiceps','Antártica');
INSERT INTO aves.se_encuentra_en(especie,nombre) VALUES ('Cygnus melanocoryphus','Valdivia');
INSERT INTO aves.se_encuentra_en(especie,nombre) VALUES ('Nothoprocta perdicaria','Colchahua');
INSERT INTO aves.se_encuentra_en(especie,nombre) VALUES ('Diomedea exulans','Toconao');
INSERT INTO aves.se_encuentra_en(especie,nombre) VALUES ('Pelecanoides garnotii','Los Andes');
INSERT INTO aves.se_encuentra_en(especie,nombre) VALUES ('Pelecanoides garnotii','Chañaral');
INSERT INTO aves.se_encuentra_en(especie,nombre) VALUES ('Chloephaga hybrida','Valdivia');
INSERT INTO aves.se_encuentra_en(especie,nombre) VALUES ('Thalassarche melanophrys','Colchahua');
INSERT INTO aves.se_encuentra_en(especie,nombre) VALUES ('Nothoprocta perdicaria','Huasco');
INSERT INTO aves.se_encuentra_en(especie,nombre) VALUES ('Nothoprocta ornata','Parinacota');
INSERT INTO aves.se_encuentra_en(especie,nombre) VALUES ('Caprimulgus longirostris','Atacama');
INSERT INTO aves.se_encuentra_en(especie,nombre) VALUES ('Rollandia Rolland','Vallenar');
INSERT INTO aves.se_encuentra_en(especie,nombre) VALUES ('Caprimulgus longirostris','Toconao');
INSERT INTO aves.se_encuentra_en(especie,nombre) VALUES ('Caprimulgus longirostris','Llanquihue');
INSERT INTO aves.se_encuentra_en(especie,nombre) VALUES ('Patagona gigas','Tarapacá');
INSERT INTO aves.se_encuentra_en(especie,nombre) VALUES ('Patagona gigas','Tongoy');
INSERT INTO aves.se_encuentra_en(especie,nombre) VALUES ('Anairetes parulus','Chile Chico');
INSERT INTO aves.se_encuentra_en(especie,nombre) VALUES ('Caprimulgus longirostris','Laja');
INSERT INTO aves.se_encuentra_en(especie,nombre) VALUES ('Merganetta armata','Vallenar');
INSERT INTO aves.se_encuentra_en(especie,nombre) VALUES ('Turdus falcklandii','Linares');
INSERT INTO aves.se_encuentra_en(especie,nombre) VALUES ('Phaeton aethereus','Atacama');
INSERT INTO aves.se_encuentra_en(especie,nombre) VALUES ('Elaenia albiceps','Atacama');
INSERT INTO aves.se_encuentra_en(especie,nombre) VALUES ('Leptasthenura aegithaloides','San Bernardo');
INSERT INTO aves.se_encuentra_en(especie,nombre) VALUES ('Dryobates lignarius','Los Andes');
INSERT INTO aves.se_encuentra_en(especie,nombre) VALUES ('Dedrocygna autumnalis','Los Andes');
INSERT INTO aves.se_encuentra_en(especie,nombre) VALUES ('Chloephaga picta','Talca');
INSERT INTO aves.se_encuentra_en(especie,nombre) VALUES ('Pelecanoides garnotii','Parinacota');
INSERT INTO aves.se_encuentra_en(especie,nombre) VALUES ('Caprimulgus longirostris','Quillagua');
INSERT INTO aves.se_encuentra_en(especie,nombre) VALUES ('Rollandia Rolland','Iquique');
INSERT INTO aves.se_encuentra_en(especie,nombre) VALUES ('Anairetes parulus','Linares');
INSERT INTO aves.se_encuentra_en(especie,nombre) VALUES ('Colaptes pitius','Chiloé');
INSERT INTO aves.se_encuentra_en(especie,nombre) VALUES ('Cygnus melanocoryphus','Tierra del Fuego');
INSERT INTO aves.se_encuentra_en(especie,nombre) VALUES ('Rollandia Rolland','Laja');
INSERT INTO aves.se_encuentra_en(especie,nombre) VALUES ('Nothoprocta ornata','Calama');
INSERT INTO aves.se_encuentra_en(especie,nombre) VALUES ('Chloephaga hybrida','Tierra del Fuego');
INSERT INTO aves.se_encuentra_en(especie,nombre) VALUES ('Turdus falcklandii','San Bernardo');
INSERT INTO aves.se_encuentra_en(especie,nombre) VALUES ('Cygnus melanocoryphus','Linares');
INSERT INTO aves.se_encuentra_en(especie,nombre) VALUES ('Patagona gigas','Llanquihue');
INSERT INTO aves.se_encuentra_en(especie,nombre) VALUES ('Patagona gigas','Toconao');
INSERT INTO aves.se_encuentra_en(especie,nombre) VALUES ('Chloephaga melanoptera','Arica');
INSERT INTO aves.se_encuentra_en(especie,nombre) VALUES ('Podiceps major','Cabo de Hornos');
INSERT INTO aves.se_encuentra_en(especie,nombre) VALUES ('Chloephaga picta','Antártica');
INSERT INTO aves.se_encuentra_en(especie,nombre) VALUES ('Elaenia albiceps','Los Andes');
INSERT INTO aves.se_encuentra_en(especie,nombre) VALUES ('Merganetta armata','Llanquihue');
INSERT INTO aves.se_encuentra_en(especie,nombre) VALUES ('Elaenia albiceps','Chañaral');
INSERT INTO aves.se_encuentra_en(especie,nombre) VALUES ('Merganetta armata','Laja');
INSERT INTO aves.se_encuentra_en(especie,nombre) VALUES ('Sylviorthorhynchus desmursii','Paine');
INSERT INTO aves.se_encuentra_en(especie,nombre) VALUES ('Anairetes parulus','San Bernardo');
INSERT INTO aves.se_encuentra_en(especie,nombre) VALUES ('Cygnus melanocoryphus','Punta Arenas');
INSERT INTO aves.se_encuentra_en(especie,nombre) VALUES ('Colaptes rupicola','Iquique');
INSERT INTO aves.se_encuentra_en(especie,nombre) VALUES ('Pelecanoides garnotii','San Bernardo');
INSERT INTO aves.se_encuentra_en(especie,nombre) VALUES ('Anairetes parulus','Calama');
INSERT INTO aves.se_encuentra_en(especie,nombre) VALUES ('Calliplepa Californica','Huasco');
INSERT INTO aves.se_encuentra_en(especie,nombre) VALUES ('Chloephaga hybrida','Punta Arenas');
INSERT INTO aves.se_encuentra_en(especie,nombre) VALUES ('Tyto alba','Colchahua');
INSERT INTO aves.se_encuentra_en(especie,nombre) VALUES ('Rollandia Rolland','Quillagua');
INSERT INTO aves.se_encuentra_en(especie,nombre) VALUES ('Pelecanoides garnotii','Calama');
INSERT INTO aves.se_encuentra_en(especie,nombre) VALUES ('Aphrastura spinicauda','Temuco');
INSERT INTO aves.se_encuentra_en(especie,nombre) VALUES ('Podilymbus podiceps','Archipiélado Juan Fernández');
INSERT INTO aves.se_encuentra_en(especie,nombre) VALUES ('Elaenia albiceps','Chile Chico');
INSERT INTO aves.se_encuentra_en(especie,nombre) VALUES ('Aphrastura spinicauda','Valdivia');
INSERT INTO aves.se_encuentra_en(especie,nombre) VALUES ('Podiceps major','Chiloé');
INSERT INTO aves.se_encuentra_en(especie,nombre) VALUES ('Tyto alba','Huasco');
INSERT INTO aves.se_encuentra_en(especie,nombre) VALUES ('Coscoroba coscoroba','Huasco');
INSERT INTO aves.se_encuentra_en(especie,nombre) VALUES ('Macronectes giganteus','Arica');
INSERT INTO aves.se_encuentra_en(especie,nombre) VALUES ('Colaptes pitius','Temuco');
INSERT INTO aves.se_encuentra_en(especie,nombre) VALUES ('Zonotrichia capensis','Coquimbo');
INSERT INTO aves.se_encuentra_en(especie,nombre) VALUES ('Spheniscus humboldti','Calama');
INSERT INTO aves.se_encuentra_en(especie,nombre) VALUES ('Chloephaga melanoptera','Talca');
INSERT INTO aves.se_encuentra_en(especie,nombre) VALUES ('Nothoprocta ornata','Tarapacá');
INSERT INTO aves.se_encuentra_en(especie,nombre) VALUES ('Colaptes pitius','Valdivia');
INSERT INTO aves.se_encuentra_en(especie,nombre) VALUES ('Nothoprocta perdicaria','Coquimbo');
INSERT INTO aves.se_encuentra_en(especie,nombre) VALUES ('Calliplepa Californica','Vallenar');
INSERT INTO aves.se_encuentra_en(especie,nombre) VALUES ('Podiceps major','Copiapó');
INSERT INTO aves.se_encuentra_en(especie,nombre) VALUES ('Podiceps occipitalis','Chiloé');
INSERT INTO aves.se_encuentra_en(especie,nombre) VALUES ('Geositta cunicularia','Chiloé');
INSERT INTO aves.se_encuentra_en(especie,nombre) VALUES ('Geositta tenuirostris','Socoroma');
INSERT INTO aves.se_encuentra_en(especie,nombre) VALUES ('Zonotrichia capensis','Paine');
INSERT INTO aves.se_encuentra_en(especie,nombre) VALUES ('Colibri coruscans','Arica');
INSERT INTO aves.se_encuentra_en(especie,nombre) VALUES ('Thalassarche melanophrys','Coquimbo');
INSERT INTO aves.se_encuentra_en(especie,nombre) VALUES ('Turdus falcklandii','Tongoy');
INSERT INTO aves.se_encuentra_en(especie,nombre) VALUES ('Dryobates lignarius','San Bernardo');
INSERT INTO aves.se_encuentra_en(especie,nombre) VALUES ('Thalassarche melanophrys','Paine');
INSERT INTO aves.se_encuentra_en(especie,nombre) VALUES ('Geositta cunicularia','Copiapó');
INSERT INTO aves.se_encuentra_en(especie,nombre) VALUES ('Dryobates lignarius','Osorno');
INSERT INTO aves.se_encuentra_en(especie,nombre) VALUES ('Pelecanus thagus','Archipiélado Juan Fernández');
INSERT INTO aves.se_encuentra_en(especie,nombre) VALUES ('Sylviorthorhynchus desmursii','Aysén');
INSERT INTO aves.se_encuentra_en(especie,nombre) VALUES ('Pelecanoides garnotii','Tarapacá');
INSERT INTO aves.se_encuentra_en(especie,nombre) VALUES ('Anairetes parulus','Tongoy');
INSERT INTO aves.se_encuentra_en(especie,nombre) VALUES ('Leptasthenura aegithaloides','Llanquihue');
INSERT INTO aves.se_encuentra_en(especie,nombre) VALUES ('Macronectes giganteus','Talca');
INSERT INTO aves.se_encuentra_en(especie,nombre) VALUES ('Podiceps major','Temuco');
INSERT INTO aves.se_encuentra_en(especie,nombre) VALUES ('Cygnus melanocoryphus','Tongoy');
INSERT INTO aves.se_encuentra_en(especie,nombre) VALUES ('Aphrastura spinicauda','Tierra del Fuego');
INSERT INTO aves.se_encuentra_en(especie,nombre) VALUES ('Tinamotis ingoufi','Antártica');
INSERT INTO aves.se_encuentra_en(especie,nombre) VALUES ('Elaenia albiceps','San Bernardo');
INSERT INTO aves.se_encuentra_en(especie,nombre) VALUES ('Calliplepa Californica','Laja');
INSERT INTO aves.se_encuentra_en(especie,nombre) VALUES ('Nothoprocta ornata','Toconao');
INSERT INTO aves.se_encuentra_en(especie,nombre) VALUES ('Aphrastura spinicauda','Linares');
INSERT INTO aves.se_encuentra_en(especie,nombre) VALUES ('Chloephaga picta','Chile Chico');
INSERT INTO aves.se_encuentra_en(especie,nombre) VALUES ('Spheniscus humboldti','Tarapacá');
INSERT INTO aves.se_encuentra_en(especie,nombre) VALUES ('Tyto alba','Iquique');
INSERT INTO aves.se_encuentra_en(especie,nombre) VALUES ('Cairina moschata','Archipiélado Juan Fernández');
INSERT INTO aves.se_encuentra_en(especie,nombre) VALUES ('Spheniscus humboldti','Tongoy');
INSERT INTO aves.se_encuentra_en(especie,nombre) VALUES ('Podiceps occipitalis','Temuco');
INSERT INTO aves.se_encuentra_en(especie,nombre) VALUES ('Colaptes pitius','Tierra del Fuego');
INSERT INTO aves.se_encuentra_en(especie,nombre) VALUES ('Turdus falcklandii','Llanquihue');
INSERT INTO aves.se_encuentra_en(especie,nombre) VALUES ('Elaenia albiceps','Osorno');
INSERT INTO aves.se_encuentra_en(especie,nombre) VALUES ('Macronectes giganteus','Antártica');
INSERT INTO aves.se_encuentra_en(especie,nombre) VALUES ('Podiceps occipitalis','Valdivia');
INSERT INTO aves.se_encuentra_en(especie,nombre) VALUES ('Chloephaga melanoptera','Atacama');
INSERT INTO aves.se_encuentra_en(especie,nombre) VALUES ('Pteroptochos tarnii','Antártica');
INSERT INTO aves.se_encuentra_en(especie,nombre) VALUES ('Podilymbus podiceps','Los Andes');
INSERT INTO aves.se_encuentra_en(especie,nombre) VALUES ('Podilymbus podiceps','Chañaral');
INSERT INTO aves.se_encuentra_en(especie,nombre) VALUES ('Aphrastura spinicauda','Punta Arenas');
INSERT INTO aves.se_encuentra_en(especie,nombre) VALUES ('Caprimulgus longirostris','Arica');
INSERT INTO aves.se_encuentra_en(especie,nombre) VALUES ('Anairetes parulus','Toconao');
INSERT INTO aves.se_encuentra_en(especie,nombre) VALUES ('Anairetes parulus','Llanquihue');
INSERT INTO aves.se_encuentra_en(especie,nombre) VALUES ('Pelecanoides garnotii','Toconao');
INSERT INTO aves.se_encuentra_en(especie,nombre) VALUES ('Lafresnaya lafresnayi','Parinacota');
INSERT INTO aves.se_encuentra_en(especie,nombre) VALUES ('Thalassarche melanophrys','Aysén');
INSERT INTO aves.se_encuentra_en(especie,nombre) VALUES ('Aeronautes  andecolus','Tarapacá');
INSERT INTO aves.se_encuentra_en(especie,nombre) VALUES ('Colaptes pitius','Punta Arenas');
INSERT INTO aves.se_encuentra_en(especie,nombre) VALUES ('Tyto alba','Coquimbo');
INSERT INTO aves.se_encuentra_en(especie,nombre) VALUES ('Campephilus magellanicus','Temuco');
INSERT INTO aves.se_encuentra_en(especie,nombre) VALUES ('Macronectes giganteus','Atacama');
INSERT INTO aves.se_encuentra_en(especie,nombre) VALUES ('Podiceps major','Tierra del Fuego');
INSERT INTO aves.se_encuentra_en(especie,nombre) VALUES ('Spheniscus humboldti','Toconao');
INSERT INTO aves.se_encuentra_en(especie,nombre) VALUES ('Campephilus magellanicus','Valdivia');
INSERT INTO aves.se_encuentra_en(especie,nombre) VALUES ('Phaeton aethereus','Tongoy');
INSERT INTO aves.se_encuentra_en(especie,nombre) VALUES ('Diomedea exulans','Cabo de Hornos');
INSERT INTO aves.se_encuentra_en(especie,nombre) VALUES ('Thalassarche melanophrys','Cabo de Hornos');
INSERT INTO aves.se_encuentra_en(especie,nombre) VALUES ('Rollandia Rolland','Arica');
INSERT INTO aves.se_encuentra_en(especie,nombre) VALUES ('Pelecanus thagus','Los Andes');
INSERT INTO aves.se_encuentra_en(especie,nombre) VALUES ('Elaenia albiceps','Vallenar');
INSERT INTO aves.se_encuentra_en(especie,nombre) VALUES ('Pelecanus thagus','Chañaral');
INSERT INTO aves.se_encuentra_en(especie,nombre) VALUES ('Chloephaga picta','San Bernardo');
INSERT INTO aves.se_encuentra_en(especie,nombre) VALUES ('Pelecanoides garnotii','Quillagua');
INSERT INTO aves.se_encuentra_en(especie,nombre) VALUES ('Podiceps occipitalis','Tierra del Fuego');
INSERT INTO aves.se_encuentra_en(especie,nombre) VALUES ('Pygoscelis adeliae','Antártica');
INSERT INTO aves.se_encuentra_en(especie,nombre) VALUES ('Caprimulgus longirostris','Talca');
INSERT INTO aves.se_encuentra_en(especie,nombre) VALUES ('Dryobates lignarius','Llanquihue');
INSERT INTO aves.se_encuentra_en(especie,nombre) VALUES ('Dryobates lignarius','Laja');
INSERT INTO aves.se_encuentra_en(especie,nombre) VALUES ('Macronectes giganteus','Valdivia');
INSERT INTO aves.se_encuentra_en(especie,nombre) VALUES ('Podiceps major','Punta Arenas');
INSERT INTO aves.se_encuentra_en(especie,nombre) VALUES ('Campephilus magellanicus','Chile Chico');
INSERT INTO aves.se_encuentra_en(especie,nombre) VALUES ('Upucerthia dumetaria','Socoroma');
INSERT INTO aves.se_encuentra_en(especie,nombre) VALUES ('Glaucidium nanum','Talca');
INSERT INTO aves.se_encuentra_en(especie,nombre) VALUES ('Tinamotis ingoufi','Chile Chico');
INSERT INTO aves.se_encuentra_en(especie,nombre) VALUES ('Cairina moschata','Los Andes');
INSERT INTO aves.se_encuentra_en(especie,nombre) VALUES ('Aphrastura spinicauda','Tongoy');
INSERT INTO aves.se_encuentra_en(especie,nombre) VALUES ('Diomedea exulans','Chiloé');
INSERT INTO aves.se_encuentra_en(especie,nombre) VALUES ('Glaucidium nanum','Archipiélado Juan Fernández');
INSERT INTO aves.se_encuentra_en(especie,nombre) VALUES ('Ceryle torquata','Osorno');
INSERT INTO aves.se_encuentra_en(especie,nombre) VALUES ('Podiceps occipitalis','Punta Arenas');
INSERT INTO aves.se_encuentra_en(especie,nombre) VALUES ('Sylviorthorhynchus desmursii','Archipiélado Juan Fernández');
INSERT INTO aves.se_encuentra_en(especie,nombre) VALUES ('Podiceps major','Concepción');
INSERT INTO aves.se_encuentra_en(especie,nombre) VALUES ('Podilymbus podiceps','San Bernardo');
INSERT INTO aves.se_encuentra_en(especie,nombre) VALUES ('Macronectes giganteus','Chile Chico');
INSERT INTO aves.se_encuentra_en(especie,nombre) VALUES ('Pterodroma lessoni','Archipiélado Juan Fernández');
INSERT INTO aves.se_encuentra_en(especie,nombre) VALUES ('Elaenia albiceps','Llanquihue');
INSERT INTO aves.se_encuentra_en(especie,nombre) VALUES ('Chloephaga melanoptera','Linares');
INSERT INTO aves.se_encuentra_en(especie,nombre) VALUES ('Elaenia albiceps','Laja');
INSERT INTO aves.se_encuentra_en(especie,nombre) VALUES ('Rollandia Rolland','Talca');
INSERT INTO aves.se_encuentra_en(especie,nombre) VALUES ('Diomedea exulans','Copiapó');
INSERT INTO aves.se_encuentra_en(especie,nombre) VALUES ('Thalassarche melanophrys','Copiapó');
INSERT INTO aves.se_encuentra_en(especie,nombre) VALUES ('Pelecanus thagus','Parinacota');
INSERT INTO aves.se_encuentra_en(especie,nombre) VALUES ('Chaetura pelagica','Chañaral');
INSERT INTO aves.se_encuentra_en(especie,nombre) VALUES ('Glaucidium nanum','Antártica');
INSERT INTO aves.se_encuentra_en(especie,nombre) VALUES ('Podilymbus podiceps','Osorno');
INSERT INTO aves.se_encuentra_en(especie,nombre) VALUES ('Campephilus magellanicus','Linares');
INSERT INTO aves.se_encuentra_en(especie,nombre) VALUES ('Geositta cunicularia','Concepción');
INSERT INTO aves.se_encuentra_en(especie,nombre) VALUES ('Rollandia Rolland','Archipiélado Juan Fernández');
INSERT INTO aves.se_encuentra_en(especie,nombre) VALUES ('Dendrocygna viduata','Los Andes');
INSERT INTO aves.se_encuentra_en(especie,nombre) VALUES ('Rollandia Rolland','Antártica');
INSERT INTO aves.se_encuentra_en(especie,nombre) VALUES ('Zonotrichia capensis','Archipiélado Juan Fernández');
INSERT INTO aves.se_encuentra_en(especie,nombre) VALUES ('Chloephaga melanoptera','Calama');
INSERT INTO aves.se_encuentra_en(especie,nombre) VALUES ('Diomedea exulans','Temuco');
INSERT INTO aves.se_encuentra_en(especie,nombre) VALUES ('Macronectes giganteus','Linares');
INSERT INTO aves.se_encuentra_en(especie,nombre) VALUES ('Nothoprocta perdicaria','Archipiélado Juan Fernández');
INSERT INTO aves.se_encuentra_en(especie,nombre) VALUES ('Podilymbus podiceps','Huasco');
INSERT INTO aves.se_encuentra_en(especie,nombre) VALUES ('Glaucidium nanum','Atacama');
INSERT INTO aves.se_encuentra_en(especie,nombre) VALUES ('Diomedea exulans','Valdivia');
INSERT INTO aves.se_encuentra_en(especie,nombre) VALUES ('Oreotrochilus leucopleurus','Calama');
INSERT INTO aves.se_encuentra_en(especie,nombre) VALUES ('Colibri coruscans','Parinacota');
INSERT INTO aves.se_encuentra_en(especie,nombre) VALUES ('Pelecanus thagus','San Bernardo');
INSERT INTO aves.se_encuentra_en(especie,nombre) VALUES ('Patagona gigas','Chiloé');
INSERT INTO aves.se_encuentra_en(especie,nombre) VALUES ('Chaetura pelagica','Parinacota');
INSERT INTO aves.se_encuentra_en(especie,nombre) VALUES ('Colaptes pitius','Colchahua');
INSERT INTO aves.se_encuentra_en(especie,nombre) VALUES ('Cygnus melanocoryphus','Coquimbo');
INSERT INTO aves.se_encuentra_en(especie,nombre) VALUES ('Caprimulgus longirostris','Valdivia');
INSERT INTO aves.se_encuentra_en(especie,nombre) VALUES ('Cygnus melanocoryphus','Paine');
INSERT INTO aves.se_encuentra_en(especie,nombre) VALUES ('Podilymbus podiceps','Vallenar');
INSERT INTO aves.se_encuentra_en(especie,nombre) VALUES ('Rollandia Rolland','Atacama');
INSERT INTO aves.se_encuentra_en(especie,nombre) VALUES ('Chloephaga picta','Llanquihue');
INSERT INTO aves.se_encuentra_en(especie,nombre) VALUES ('Cairina moschata','San Bernardo');
INSERT INTO aves.se_encuentra_en(especie,nombre) VALUES ('Macronectes giganteus','Calama');
INSERT INTO aves.se_encuentra_en(especie,nombre) VALUES ('Glaucidium nanum','Los Andes');
INSERT INTO aves.se_encuentra_en(especie,nombre) VALUES ('Pelecanus thagus','Antofagasta');
INSERT INTO aves.se_encuentra_en(especie,nombre) VALUES ('Sylviorthorhynchus desmursii','Los Andes');
INSERT INTO aves.se_encuentra_en(especie,nombre) VALUES ('Glaucidium nanum','Chañaral');
INSERT INTO aves.se_encuentra_en(especie,nombre) VALUES ('Pteroptochos tarnii','Osorno');
INSERT INTO aves.se_encuentra_en(especie,nombre) VALUES ('Caprimulgus longirostris','Chile Chico');
INSERT INTO aves.se_encuentra_en(especie,nombre) VALUES ('Ceryle torquata','Llanquihue');
INSERT INTO aves.se_encuentra_en(especie,nombre) VALUES ('Chloephaga melanoptera','Tarapacá');
INSERT INTO aves.se_encuentra_en(especie,nombre) VALUES ('Ceryle torquata','Laja');
INSERT INTO aves.se_encuentra_en(especie,nombre) VALUES ('Nothoprocta perdicaria','Atacama');
INSERT INTO aves.se_encuentra_en(especie,nombre) VALUES ('Chloephaga melanoptera','Tongoy');
INSERT INTO aves.se_encuentra_en(especie,nombre) VALUES ('Pteroptochos megapodius','Colchahua');
INSERT INTO aves.se_encuentra_en(especie,nombre) VALUES ('Podiceps major','Colchahua');
INSERT INTO aves.se_encuentra_en(especie,nombre) VALUES ('Glaucidium nanum','Chile Chico');
INSERT INTO aves.se_encuentra_en(especie,nombre) VALUES ('Diomedea exulans','Tierra del Fuego');
INSERT INTO aves.se_encuentra_en(especie,nombre) VALUES ('Patagona gigas','Temuco');
INSERT INTO aves.se_encuentra_en(especie,nombre) VALUES ('Rollandia Rolland','Los Andes');
INSERT INTO aves.se_encuentra_en(especie,nombre) VALUES ('Calliplepa Californica','Talca');
INSERT INTO aves.se_encuentra_en(especie,nombre) VALUES ('Rollandia Rolland','Chañaral');
INSERT INTO aves.se_encuentra_en(especie,nombre) VALUES ('Podilymbus podiceps','Llanquihue');
INSERT INTO aves.se_encuentra_en(especie,nombre) VALUES ('Patagona gigas','Valdivia');
INSERT INTO aves.se_encuentra_en(especie,nombre) VALUES ('Merganetta armata','Temuco');
INSERT INTO aves.se_encuentra_en(especie,nombre) VALUES ('Podilymbus podiceps','Laja');
INSERT INTO aves.se_encuentra_en(especie,nombre) VALUES ('Merganetta armata','Valdivia');
INSERT INTO aves.se_encuentra_en(especie,nombre) VALUES ('Podiceps occipitalis','Colchahua');
INSERT INTO aves.se_encuentra_en(especie,nombre) VALUES ('Pelecanus thagus','Vallenar');
INSERT INTO aves.se_encuentra_en(especie,nombre) VALUES ('Calliplepa Californica','Archipiélado Juan Fernández');
INSERT INTO aves.se_encuentra_en(especie,nombre) VALUES ('Geositta cunicularia','Colchahua');
INSERT INTO aves.se_encuentra_en(especie,nombre) VALUES ('Tyto alba','Talca');
INSERT INTO aves.se_encuentra_en(especie,nombre) VALUES ('Zonotrichia capensis','Los Andes');
INSERT INTO aves.se_encuentra_en(especie,nombre) VALUES ('Rollandia Rolland','Chile Chico');
INSERT INTO aves.se_encuentra_en(especie,nombre) VALUES ('Macronectes giganteus','Tarapacá');
INSERT INTO aves.se_encuentra_en(especie,nombre) VALUES ('Caprimulgus longirostris','Linares');
INSERT INTO aves.se_encuentra_en(especie,nombre) VALUES ('Nothoprocta perdicaria','Los Andes');
INSERT INTO aves.se_encuentra_en(especie,nombre) VALUES ('Cygnus melanocoryphus','Aysén');
INSERT INTO aves.se_encuentra_en(especie,nombre) VALUES ('Macronectes giganteus','Tongoy');
INSERT INTO aves.se_encuentra_en(especie,nombre) VALUES ('Nothoprocta perdicaria','Chañaral');
INSERT INTO aves.se_encuentra_en(especie,nombre) VALUES ('Diomedea exulans','Punta Arenas');
INSERT INTO aves.se_encuentra_en(especie,nombre) VALUES ('Chaetura pelagica','Antofagasta');
INSERT INTO aves.se_encuentra_en(especie,nombre) VALUES ('Geositta cunicularia','Huasco');
INSERT INTO aves.se_encuentra_en(especie,nombre) VALUES ('Chloephaga hybrida','Aysén');
INSERT INTO aves.se_encuentra_en(especie,nombre) VALUES ('Diomedea exulans','Socoroma');
INSERT INTO aves.se_encuentra_en(especie,nombre) VALUES ('Leptasthenura aegithaloides','Chiloé');
INSERT INTO aves.se_encuentra_en(especie,nombre) VALUES ('Tyto alba','Archipiélado Juan Fernández');
INSERT INTO aves.se_encuentra_en(especie,nombre) VALUES ('Aptenodytes forsteri','Antártica');
INSERT INTO aves.se_encuentra_en(especie,nombre) VALUES ('Chloephaga melanoptera','Toconao');
INSERT INTO aves.se_encuentra_en(especie,nombre) VALUES ('Tyto alba','Antártica');
INSERT INTO aves.se_encuentra_en(especie,nombre) VALUES ('Oreotrochilus leucopleurus','Toconao');
INSERT INTO aves.se_encuentra_en(especie,nombre) VALUES ('Rollandia Rolland','Parinacota');
INSERT INTO aves.se_encuentra_en(especie,nombre) VALUES ('Diomedea exulans','Concepción');
INSERT INTO aves.se_encuentra_en(especie,nombre) VALUES ('Thalassarche melanophrys','Concepción');
INSERT INTO aves.se_encuentra_en(especie,nombre) VALUES ('Pelecanus thagus','Toconao');
INSERT INTO aves.se_encuentra_en(especie,nombre) VALUES ('Turdus falcklandii','Chiloé');
INSERT INTO aves.se_encuentra_en(especie,nombre) VALUES ('Cygnus melanocoryphus','Cabo de Hornos');
INSERT INTO aves.se_encuentra_en(especie,nombre) VALUES ('Caprimulgus longirostris','Calama');
INSERT INTO aves.se_encuentra_en(especie,nombre) VALUES ('Pelecanus thagus','Laja');
INSERT INTO aves.se_encuentra_en(especie,nombre) VALUES ('Chloephaga hybrida','Cabo de Hornos');
INSERT INTO aves.se_encuentra_en(especie,nombre) VALUES ('Chaetura pelagica','Vallenar');
INSERT INTO aves.se_encuentra_en(especie,nombre) VALUES ('Aphrastura spinicauda','Paine');
INSERT INTO aves.se_encuentra_en(especie,nombre) VALUES ('Glaucidium nanum','San Bernardo');
INSERT INTO aves.se_encuentra_en(especie,nombre) VALUES ('Sylviorthorhynchus desmursii','San Bernardo');
INSERT INTO aves.se_encuentra_en(especie,nombre) VALUES ('Colaptes pitius','Coquimbo');
INSERT INTO aves.se_encuentra_en(especie,nombre) VALUES ('Calliplepa Californica','Atacama');
INSERT INTO aves.se_encuentra_en(especie,nombre) VALUES ('Merganetta armata','Tierra del Fuego');
INSERT INTO aves.se_encuentra_en(especie,nombre) VALUES ('Colaptes pitius','Paine');
INSERT INTO aves.se_encuentra_en(especie,nombre) VALUES ('Anairetes parulus','Chiloé');
INSERT INTO aves.se_encuentra_en(especie,nombre) VALUES ('Pteroptochos tarnii','Llanquihue');
INSERT INTO aves.se_encuentra_en(especie,nombre) VALUES ('Merganetta armata','Linares');
INSERT INTO aves.se_encuentra_en(especie,nombre) VALUES ('Colaptes rupicola','Parinacota');
INSERT INTO aves.se_encuentra_en(especie,nombre) VALUES ('Sylviorthorhynchus desmursii','Osorno');
INSERT INTO aves.se_encuentra_en(especie,nombre) VALUES ('Leptasthenura aegithaloides','Temuco');
INSERT INTO aves.se_encuentra_en(especie,nombre) VALUES ('Pteroptochos tarnii','Laja');
INSERT INTO aves.se_encuentra_en(especie,nombre) VALUES ('Oreotrochilus leucopleurus','Quillagua');
INSERT INTO aves.se_encuentra_en(especie,nombre) VALUES ('Dryobates lignarius','Talca');
INSERT INTO aves.se_encuentra_en(especie,nombre) VALUES ('Tyto alba','Atacama');
INSERT INTO aves.se_encuentra_en(especie,nombre) VALUES ('Leptasthenura aegithaloides','Valdivia');
INSERT INTO aves.se_encuentra_en(especie,nombre) VALUES ('Rollandia Rolland','San Bernardo');
INSERT INTO aves.se_encuentra_en(especie,nombre) VALUES ('Pelecanus thagus','Quillagua');
INSERT INTO aves.se_encuentra_en(especie,nombre) VALUES ('Rollandia Rolland','Calama');
INSERT INTO aves.se_encuentra_en(especie,nombre) VALUES ('Patagona gigas','Socoroma');
INSERT INTO aves.se_encuentra_en(especie,nombre) VALUES ('Spheniscus humboldti','Chiloé');
INSERT INTO aves.se_encuentra_en(especie,nombre) VALUES ('Merganetta armata','Punta Arenas');
INSERT INTO aves.se_encuentra_en(especie,nombre) VALUES ('Chaetura pelagica','Toconao');
INSERT INTO aves.se_encuentra_en(especie,nombre) VALUES ('Merganetta armata','Socoroma');
INSERT INTO aves.se_encuentra_en(especie,nombre) VALUES ('Cygnus melanocoryphus','Copiapó');
INSERT INTO aves.se_encuentra_en(especie,nombre) VALUES ('Calliplepa Californica','Los Andes');
INSERT INTO aves.se_encuentra_en(especie,nombre) VALUES ('Turdus falcklandii','Temuco');
INSERT INTO aves.se_encuentra_en(especie,nombre) VALUES ('Pteroptochos megapodius','Coquimbo');
INSERT INTO aves.se_encuentra_en(especie,nombre) VALUES ('Zonotrichia capensis','San Bernardo');
INSERT INTO aves.se_encuentra_en(especie,nombre) VALUES ('Caprimulgus longirostris','Tarapacá');
INSERT INTO aves.se_encuentra_en(especie,nombre) VALUES ('Dryobates lignarius','Antártica');
INSERT INTO aves.se_encuentra_en(especie,nombre) VALUES ('Podiceps major','Coquimbo');
INSERT INTO aves.se_encuentra_en(especie,nombre) VALUES ('Nothoprocta perdicaria','San Bernardo');
INSERT INTO aves.se_encuentra_en(especie,nombre) VALUES ('Caprimulgus longirostris','Tongoy');
INSERT INTO aves.se_encuentra_en(especie,nombre) VALUES ('Turdus falcklandii','Valdivia');
INSERT INTO aves.se_encuentra_en(especie,nombre) VALUES ('Tyto alba','Los Andes');
INSERT INTO aves.se_encuentra_en(especie,nombre) VALUES ('Patagona gigas','Concepción');
INSERT INTO aves.se_encuentra_en(especie,nombre) VALUES ('Pteroptochos megapodius','Paine');
INSERT INTO aves.se_encuentra_en(especie,nombre) VALUES ('Tyto alba','Chañaral');
INSERT INTO aves.se_encuentra_en(especie,nombre) VALUES ('Zonotrichia capensis','Osorno');
INSERT INTO aves.se_encuentra_en(especie,nombre) VALUES ('Aphrastura spinicauda','Aysén');
INSERT INTO aves.se_encuentra_en(especie,nombre) VALUES ('Nothoprocta perdicaria','Osorno');
INSERT INTO aves.se_encuentra_en(especie,nombre) VALUES ('Anairetes parulus','Temuco');
INSERT INTO aves.se_encuentra_en(especie,nombre) VALUES ('Podiceps occipitalis','Coquimbo');
INSERT INTO aves.se_encuentra_en(especie,nombre) VALUES ('Geositta cunicularia','Coquimbo');
INSERT INTO aves.se_encuentra_en(especie,nombre) VALUES ('Pelecanoides garnotii','Temuco');
INSERT INTO aves.se_encuentra_en(especie,nombre) VALUES ('Anairetes parulus','Valdivia');
INSERT INTO aves.se_encuentra_en(especie,nombre) VALUES ('Tinamotis pentlandii','Copiapó');
INSERT INTO aves.se_encuentra_en(especie,nombre) VALUES ('Thalassarche melanophrys','Osorno');
INSERT INTO aves.se_encuentra_en(especie,nombre) VALUES ('Podiceps occipitalis','Paine');
INSERT INTO aves.se_encuentra_en(especie,nombre) VALUES ('Pelecanoides garnotii','Valdivia');
INSERT INTO aves.se_encuentra_en(especie,nombre) VALUES ('Chaetura pelagica','Quillagua');
INSERT INTO aves.se_encuentra_en(especie,nombre) VALUES ('Colaptes pitius','Aysén');
INSERT INTO aves.se_encuentra_en(especie,nombre) VALUES ('Rollandia Rolland','Tarapacá');
INSERT INTO aves.se_encuentra_en(especie,nombre) VALUES ('Lafresnaya lafresnayi','Arica');
INSERT INTO aves.se_encuentra_en(especie,nombre) VALUES ('Zonotrichia capensis','Huasco');
INSERT INTO aves.se_encuentra_en(especie,nombre) VALUES ('Diomedea exulans','Colchahua');
INSERT INTO aves.se_encuentra_en(especie,nombre) VALUES ('Leptasthenura aegithaloides','Linares');
INSERT INTO aves.se_encuentra_en(especie,nombre) VALUES ('Aphrastura spinicauda','Cabo de Hornos');
INSERT INTO aves.se_encuentra_en(especie,nombre) VALUES ('Thalassarche melanophrys','Antofagasta');
INSERT INTO aves.se_encuentra_en(especie,nombre) VALUES ('Tyto alba','Parinacota');
INSERT INTO aves.se_encuentra_en(especie,nombre) VALUES ('Calliplepa Californica','Linares');
INSERT INTO aves.se_encuentra_en(especie,nombre) VALUES ('Thalassarche melanophrys','Huasco');
INSERT INTO aves.se_encuentra_en(especie,nombre) VALUES ('Merganetta armata','Tarapacá');
INSERT INTO aves.se_encuentra_en(especie,nombre) VALUES ('Merganetta armata','Tongoy');
INSERT INTO aves.se_encuentra_en(especie,nombre) VALUES ('Phaeton aethereus','Copiapó');
INSERT INTO aves.se_encuentra_en(especie,nombre) VALUES ('Colaptes pitius','Cabo de Hornos');
INSERT INTO aves.se_encuentra_en(especie,nombre) VALUES ('Turdus falcklandii','Tierra del Fuego');
INSERT INTO aves.se_encuentra_en(especie,nombre) VALUES ('Glaucidium nanum','Llanquihue');
INSERT INTO aves.se_encuentra_en(especie,nombre) VALUES ('Sylviorthorhynchus desmursii','Llanquihue');
INSERT INTO aves.se_encuentra_en(especie,nombre) VALUES ('Glaucidium nanum','Laja');
INSERT INTO aves.se_encuentra_en(especie,nombre) VALUES ('Zonotrichia capensis','Vallenar');
INSERT INTO aves.se_encuentra_en(especie,nombre) VALUES ('Sylviorthorhynchus desmursii','Laja');
INSERT INTO aves.se_encuentra_en(especie,nombre) VALUES ('Nothoprocta perdicaria','Vallenar');
INSERT INTO aves.se_encuentra_en(especie,nombre) VALUES ('Podiceps major','Aysén');
INSERT INTO aves.se_encuentra_en(especie,nombre) VALUES ('Aphrastura spinicauda','Chiloé');
INSERT INTO aves.se_encuentra_en(especie,nombre) VALUES ('Calliplepa Californica','San Bernardo');
INSERT INTO aves.se_encuentra_en(especie,nombre) VALUES ('Thalassarche melanophrys','Vallenar');
INSERT INTO aves.se_encuentra_en(especie,nombre) VALUES ('Anairetes parulus','Tierra del Fuego');
INSERT INTO aves.se_encuentra_en(especie,nombre) VALUES ('Nothoprocta ornata','Socoroma');
INSERT INTO aves.se_encuentra_en(especie,nombre) VALUES ('Rollandia Rolland','Toconao');
INSERT INTO aves.se_encuentra_en(especie,nombre) VALUES ('Rollandia Rolland','Llanquihue');
INSERT INTO aves.se_encuentra_en(especie,nombre) VALUES ('Turdus falcklandii','Punta Arenas');
INSERT INTO aves.se_encuentra_en(especie,nombre) VALUES ('Tyto alba','San Bernardo');
INSERT INTO aves.se_encuentra_en(especie,nombre) VALUES ('Podiceps occipitalis','Aysén');
INSERT INTO aves.se_encuentra_en(especie,nombre) VALUES ('Pelecanoides garnotii','Linares');
INSERT INTO aves.se_encuentra_en(especie,nombre) VALUES ('Macronectes giganteus','Paine');
INSERT INTO aves.se_encuentra_en(especie,nombre) VALUES ('Pagodroma nivea','Antártica');
INSERT INTO aves.se_encuentra_en(especie,nombre) VALUES ('Dryobates lignarius','Chile Chico');
INSERT INTO aves.se_encuentra_en(especie,nombre) VALUES ('Elaenia albiceps','Temuco');
INSERT INTO aves.se_encuentra_en(especie,nombre) VALUES ('Elaenia albiceps','Valdivia');
INSERT INTO aves.se_encuentra_en(especie,nombre) VALUES ('Tyto alba','Osorno');
INSERT INTO aves.se_encuentra_en(especie,nombre) VALUES ('Patagona gigas','Colchahua');
INSERT INTO aves.se_encuentra_en(especie,nombre) VALUES ('Zonotrichia capensis','Llanquihue');
INSERT INTO aves.se_encuentra_en(especie,nombre) VALUES ('Colaptes pitius','Copiapó');
INSERT INTO aves.se_encuentra_en(especie,nombre) VALUES ('Anairetes parulus','Punta Arenas');
INSERT INTO aves.se_encuentra_en(especie,nombre) VALUES ('Zonotrichia capensis','Laja');
INSERT INTO aves.se_encuentra_en(especie,nombre) VALUES ('Nothoprocta perdicaria','Llanquihue');
INSERT INTO aves.se_encuentra_en(especie,nombre) VALUES ('Chloephaga picta','Chiloé');
INSERT INTO aves.se_encuentra_en(especie,nombre) VALUES ('Podilymbus podiceps','Talca');
INSERT INTO aves.se_encuentra_en(especie,nombre) VALUES ('Nothoprocta perdicaria','Laja');
INSERT INTO aves.se_encuentra_en(especie,nombre) VALUES ('Pelecanoides garnotii','Socoroma');
INSERT INTO aves.se_encuentra_en(especie,nombre) VALUES ('Pelecanus thagus','Arica');
INSERT INTO aves.se_encuentra_en(especie,nombre) VALUES ('Thalassarche melanophrys','Iquique');
INSERT INTO aves.se_encuentra_en(especie,nombre) VALUES ('Ceryle torquata','Antártica');
INSERT INTO aves.se_encuentra_en(especie,nombre) VALUES ('Podiceps occipitalis','Cabo de Hornos');
INSERT INTO aves.se_encuentra_en(especie,nombre) VALUES ('Thalassarche melanophrys','Laja');
INSERT INTO aves.se_encuentra_en(especie,nombre) VALUES ('Tyto alba','Antofagasta');
INSERT INTO aves.se_encuentra_en(especie,nombre) VALUES ('Dryobates lignarius','Linares');
INSERT INTO aves.se_encuentra_en(especie,nombre) VALUES ('Leptasthenura aegithaloides','Tongoy');
INSERT INTO aves.se_encuentra_en(especie,nombre) VALUES ('Campephilus magellanicus','Aysén');
INSERT INTO aves.se_encuentra_en(especie,nombre) VALUES ('Anairetes parulus','Concepción');
INSERT INTO aves.se_encuentra_en(especie,nombre) VALUES ('Spheniscus humboldti','Socoroma');
INSERT INTO aves.se_encuentra_en(especie,nombre) VALUES ('Cygnus melanocoryphus','Concepción');
INSERT INTO aves.se_encuentra_en(especie,nombre) VALUES ('Tinamotis ingoufi','Aysén');
INSERT INTO aves.se_encuentra_en(especie,nombre) VALUES ('Calliplepa Californica','Tongoy');
INSERT INTO aves.se_encuentra_en(especie,nombre) VALUES ('Chloephaga poliocephala','Tierra del Fuego');
INSERT INTO aves.se_encuentra_en(especie,nombre) VALUES ('Diomedea exulans','Coquimbo');
INSERT INTO aves.se_encuentra_en(especie,nombre) VALUES ('Thalassarche melanophrys','Quillagua');
INSERT INTO aves.se_encuentra_en(especie,nombre) VALUES ('Elaenia albiceps','Tierra del Fuego');
INSERT INTO aves.se_encuentra_en(especie,nombre) VALUES ('Tyto alba','Vallenar');
INSERT INTO aves.se_encuentra_en(especie,nombre) VALUES ('Pelecanus thagus','Talca');
INSERT INTO aves.se_encuentra_en(especie,nombre) VALUES ('Chaetura pelagica','Arica');
INSERT INTO aves.se_encuentra_en(especie,nombre) VALUES ('Campephilus magellanicus','Cabo de Hornos');
INSERT INTO aves.se_encuentra_en(especie,nombre) VALUES ('Diomedea exulans','Paine');
INSERT INTO aves.se_encuentra_en(especie,nombre) VALUES ('Chloephaga picta','Temuco');
INSERT INTO aves.se_encuentra_en(especie,nombre) VALUES ('Elaenia albiceps','Linares');
INSERT INTO aves.se_encuentra_en(especie,nombre) VALUES ('Podiceps occipitalis','Copiapó');
INSERT INTO aves.se_encuentra_en(especie,nombre) VALUES ('Aeronautes  andecolus','Socoroma');
INSERT INTO aves.se_encuentra_en(especie,nombre) VALUES ('Tinamotis ingoufi','Cabo de Hornos');
INSERT INTO aves.se_encuentra_en(especie,nombre) VALUES ('Chloephaga picta','Valdivia');
INSERT INTO aves.se_encuentra_en(especie,nombre) VALUES ('Podilymbus podiceps','Atacama');
INSERT INTO aves.se_encuentra_en(especie,nombre) VALUES ('Phoebastria irrorata','Tongoy');
INSERT INTO aves.se_encuentra_en(especie,nombre) VALUES ('Caprimulgus longirostris','Paine');
INSERT INTO aves.se_encuentra_en(especie,nombre) VALUES ('Pelecanoides garnotii','Tongoy');
INSERT INTO aves.se_encuentra_en(especie,nombre) VALUES ('Elaenia albiceps','Punta Arenas');
INSERT INTO aves.se_encuentra_en(especie,nombre) VALUES ('Cairina moschata','Talca');
INSERT INTO aves.se_encuentra_en(especie,nombre) VALUES ('Macronectes giganteus','Cabo de Hornos');
INSERT INTO aves.se_encuentra_en(especie,nombre) VALUES ('Campephilus magellanicus','Chiloé');
INSERT INTO aves.se_encuentra_en(especie,nombre) VALUES ('Podiceps major','Archipiélado Juan Fernández');
INSERT INTO aves.se_encuentra_en(especie,nombre) VALUES ('Tyto alba','Toconao');
INSERT INTO aves.se_encuentra_en(especie,nombre) VALUES ('Geositta cunicularia','Talca');
INSERT INTO aves.se_encuentra_en(especie,nombre) VALUES ('Tyto alba','Llanquihue');
INSERT INTO aves.se_encuentra_en(especie,nombre) VALUES ('Geositta tenuirostris','Parinacota');
INSERT INTO aves.se_encuentra_en(especie,nombre) VALUES ('Tyto alba','Laja');
INSERT INTO aves.se_encuentra_en(especie,nombre) VALUES ('Chloroceryle americana','Iquique');
INSERT INTO aves.se_encuentra_en(especie,nombre) VALUES ('Turdus falcklandii','Colchahua');
INSERT INTO aves.se_encuentra_en(especie,nombre) VALUES ('Geositta cunicularia','Archipiélado Juan Fernández');
INSERT INTO aves.se_encuentra_en(especie,nombre) VALUES ('Ceryle torquata','Chile Chico');
INSERT INTO aves.se_encuentra_en(especie,nombre) VALUES ('Macronectes giganteus','Chiloé');
INSERT INTO aves.se_encuentra_en(especie,nombre) VALUES ('Patagona gigas','Coquimbo');
INSERT INTO aves.se_encuentra_en(especie,nombre) VALUES ('Dryobates lignarius','Tongoy');
INSERT INTO aves.se_encuentra_en(especie,nombre) VALUES ('Cygnus melanocoryphus','Osorno');
INSERT INTO aves.se_encuentra_en(especie,nombre) VALUES ('Pelecanus thagus','Atacama');
INSERT INTO aves.se_encuentra_en(especie,nombre) VALUES ('Chloephaga picta','Tierra del Fuego');
INSERT INTO aves.se_encuentra_en(especie,nombre) VALUES ('Chloephaga hybrida','Osorno');
INSERT INTO aves.se_encuentra_en(especie,nombre) VALUES ('Diomedea exulans','Aysén');
INSERT INTO aves.se_encuentra_en(especie,nombre) VALUES ('Dendrocygna bicolor','San Bernardo');
INSERT INTO aves.se_encuentra_en(especie,nombre) VALUES ('Patagona gigas','Paine');
INSERT INTO aves.se_encuentra_en(especie,nombre) VALUES ('Anairetes parulus','Colchahua');
INSERT INTO aves.se_encuentra_en(especie,nombre) VALUES ('Podilymbus podiceps','Chile Chico');
INSERT INTO aves.se_encuentra_en(especie,nombre) VALUES ('Merganetta armata','Paine');
INSERT INTO aves.se_encuentra_en(especie,nombre) VALUES ('Chloephaga picta','Linares');
INSERT INTO aves.se_encuentra_en(especie,nombre) VALUES ('Macronectes giganteus','Copiapó');
INSERT INTO aves.se_encuentra_en(especie,nombre) VALUES ('Tyto alba','Quillagua');
INSERT INTO aves.se_encuentra_en(especie,nombre) VALUES ('Aphrastura spinicauda','Concepción');
INSERT INTO aves.se_encuentra_en(especie,nombre) VALUES ('Cygnus melanocoryphus','Colchahua');
INSERT INTO aves.se_encuentra_en(especie,nombre) VALUES ('Caprimulgus longirostris','Aysén');
INSERT INTO aves.se_encuentra_en(especie,nombre) VALUES ('Cygnus melanocoryphus','Huasco');
INSERT INTO aves.se_encuentra_en(especie,nombre) VALUES ('Elaenia albiceps','Tongoy');
INSERT INTO aves.se_encuentra_en(especie,nombre) VALUES ('Pelecanus thagus','Valdivia');
INSERT INTO aves.se_encuentra_en(especie,nombre) VALUES ('Colaptes pitius','Concepción');
INSERT INTO aves.se_encuentra_en(especie,nombre) VALUES ('Chloephaga picta','Punta Arenas');
INSERT INTO aves.se_encuentra_en(especie,nombre) VALUES ('Geositta cunicularia','Atacama');
INSERT INTO aves.se_encuentra_en(especie,nombre) VALUES ('Macronectes giganteus','Temuco');
INSERT INTO aves.se_encuentra_en(especie,nombre) VALUES ('Pygoscelis papua','Cabo de Hornos');
INSERT INTO aves.se_encuentra_en(especie,nombre) VALUES ('Chaetura pelagica','Atacama');
INSERT INTO aves.se_encuentra_en(especie,nombre) VALUES ('Podilymbus podiceps','Linares');
INSERT INTO aves.se_encuentra_en(especie,nombre) VALUES ('Caprimulgus longirostris','Cabo de Hornos');
INSERT INTO aves.se_encuentra_en(especie,nombre) VALUES ('Cygnus melanocoryphus','Vallenar');
INSERT INTO aves.se_encuentra_en(especie,nombre) VALUES ('Pteroptochos tarnii','Valdivia');
INSERT INTO aves.se_encuentra_en(especie,nombre) VALUES ('Podiceps major','Los Andes');
INSERT INTO aves.se_encuentra_en(especie,nombre) VALUES ('Sylviorthorhynchus desmursii','Talca');
INSERT INTO aves.se_encuentra_en(especie,nombre) VALUES ('Podiceps major','Chañaral');
INSERT INTO aves.se_encuentra_en(especie,nombre) VALUES ('Colaptes rupicola','Arica');
INSERT INTO aves.se_encuentra_en(especie,nombre) VALUES ('Thalassarche melanophrys','Arica');
INSERT INTO aves.se_encuentra_en(especie,nombre) VALUES ('Pteroptochos megapodius','Concepción');
INSERT INTO aves.se_encuentra_en(especie,nombre) VALUES ('Geositta cunicularia','Los Andes');
INSERT INTO aves.se_encuentra_en(especie,nombre) VALUES ('Merganetta armata','Aysén');
INSERT INTO aves.se_encuentra_en(especie,nombre) VALUES ('Puffinus creatopus','Archipiélado Juan Fernández');
INSERT INTO aves.se_encuentra_en(especie,nombre) VALUES ('Geositta cunicularia','Chañaral');
INSERT INTO aves.se_encuentra_en(especie,nombre) VALUES ('Leptasthenura aegithaloides','Coquimbo');
INSERT INTO aves.se_encuentra_en(especie,nombre) VALUES ('Caprimulgus longirostris','Chiloé');
INSERT INTO aves.se_encuentra_en(especie,nombre) VALUES ('Pteroptochos tarnii','Chile Chico');
INSERT INTO aves.se_encuentra_en(especie,nombre) VALUES ('Campephilus magellanicus','Tierra del Fuego');
INSERT INTO aves.se_encuentra_en(especie,nombre) VALUES ('Sylviorthorhynchus desmursii','Antártica');
INSERT INTO aves.se_encuentra_en(especie,nombre) VALUES ('Leptasthenura aegithaloides','Paine');
INSERT INTO aves.se_encuentra_en(especie,nombre) VALUES ('Tinamotis ingoufi','Tierra del Fuego');
INSERT INTO aves.se_encuentra_en(especie,nombre) VALUES ('Podiceps occipitalis','Concepción');
INSERT INTO aves.se_encuentra_en(especie,nombre) VALUES ('Pterocnemia pennata','Arica');
INSERT INTO aves.se_encuentra_en(especie,nombre) VALUES ('Pelecanus thagus','Linares');
INSERT INTO aves.se_encuentra_en(especie,nombre) VALUES ('Caprimulgus longirostris','Copiapó');
INSERT INTO aves.se_encuentra_en(especie,nombre) VALUES ('Cygnus melanocoryphus','Laja');
INSERT INTO aves.se_encuentra_en(especie,nombre) VALUES ('Zonotrichia capensis','Talca');
INSERT INTO aves.se_encuentra_en(especie,nombre) VALUES ('Turdus falcklandii','Coquimbo');
INSERT INTO aves.se_encuentra_en(especie,nombre) VALUES ('Chloephaga melanoptera','Socoroma');
INSERT INTO aves.se_encuentra_en(especie,nombre) VALUES ('Upucerthia dumetaria','Parinacota');
INSERT INTO aves.se_encuentra_en(especie,nombre) VALUES ('Nothoprocta perdicaria','Talca');
INSERT INTO aves.se_encuentra_en(especie,nombre) VALUES ('Merganetta armata','Cabo de Hornos');
INSERT INTO aves.se_encuentra_en(especie,nombre) VALUES ('Macronectes giganteus','Tierra del Fuego');
INSERT INTO aves.se_encuentra_en(especie,nombre) VALUES ('Turdus falcklandii','Paine');
INSERT INTO aves.se_encuentra_en(especie,nombre) VALUES ('Campephilus magellanicus','Punta Arenas');
INSERT INTO aves.se_encuentra_en(especie,nombre) VALUES ('Colaptes pitius','Osorno');
INSERT INTO aves.se_encuentra_en(especie,nombre) VALUES ('Thalassarche melanophrys','Talca');
INSERT INTO aves.se_encuentra_en(especie,nombre) VALUES ('Aphrastura spinicauda','Colchahua');
INSERT INTO aves.se_encuentra_en(especie,nombre) VALUES ('Rollandia Rolland','Chiloé');
INSERT INTO aves.se_encuentra_en(especie,nombre) VALUES ('Tinamotis ingoufi','Punta Arenas');
INSERT INTO aves.se_encuentra_en(especie,nombre) VALUES ('Cairina moschata','Linares');
INSERT INTO aves.se_encuentra_en(especie,nombre) VALUES ('Anairetes parulus','Coquimbo');
INSERT INTO aves.se_encuentra_en(especie,nombre) VALUES ('Diomedea exulans','Archipiélado Juan Fernández');
INSERT INTO aves.se_encuentra_en(especie,nombre) VALUES ('Pelecanoides garnotii','Coquimbo');
INSERT INTO aves.se_encuentra_en(especie,nombre) VALUES ('Thalassarche melanophrys','Archipiélado Juan Fernández');
INSERT INTO aves.se_encuentra_en(especie,nombre) VALUES ('Pelecanus thagus','Calama');
INSERT INTO aves.se_encuentra_en(especie,nombre) VALUES ('Anairetes parulus','Paine');
INSERT INTO aves.se_encuentra_en(especie,nombre) VALUES ('Caprimulgus longirostris','Temuco');
INSERT INTO aves.se_encuentra_en(especie,nombre) VALUES ('Pelecanoides garnotii','Paine');
INSERT INTO aves.se_encuentra_en(especie,nombre) VALUES ('Merganetta armata','Chiloé');
INSERT INTO aves.se_encuentra_en(especie,nombre) VALUES ('Campephilus magellanicus','Concepción');
INSERT INTO aves.se_encuentra_en(especie,nombre) VALUES ('Macronectes giganteus','Punta Arenas');
INSERT INTO aves.se_encuentra_en(especie,nombre) VALUES ('Podilymbus podiceps','Tongoy');
INSERT INTO aves.se_encuentra_en(especie,nombre) VALUES ('Macronectes giganteus','Socoroma');
INSERT INTO aves.se_encuentra_en(especie,nombre) VALUES ('Thalassarche melanophrys','Antártica');
INSERT INTO aves.se_encuentra_en(especie,nombre) VALUES ('Fulmarus glacialoides','Archipiélado Juan Fernández');
INSERT INTO aves.se_encuentra_en(especie,nombre) VALUES ('Aeronautes  andecolus','Iquique');
INSERT INTO aves.se_encuentra_en(especie,nombre) VALUES ('Podiceps major','San Bernardo');
INSERT INTO aves.se_encuentra_en(especie,nombre) VALUES ('Colaptes pitius','Huasco');
INSERT INTO aves.se_encuentra_en(especie,nombre) VALUES ('Glaucidium nanum','Temuco');
INSERT INTO aves.se_encuentra_en(especie,nombre) VALUES ('Spheniscus humboldti','Coquimbo');
INSERT INTO aves.se_encuentra_en(especie,nombre) VALUES ('Patagona gigas','Copiapó');
INSERT INTO aves.se_encuentra_en(especie,nombre) VALUES ('Tyto alba','Arica');
INSERT INTO aves.se_encuentra_en(especie,nombre) VALUES ('Glaucidium nanum','Valdivia');
INSERT INTO aves.se_encuentra_en(especie,nombre) VALUES ('Leptasthenura aegithaloides','Aysén');
INSERT INTO aves.se_encuentra_en(especie,nombre) VALUES ('Sylviorthorhynchus desmursii','Valdivia');
INSERT INTO aves.se_encuentra_en(especie,nombre) VALUES ('Merganetta armata','Copiapó');
INSERT INTO aves.se_encuentra_en(especie,nombre) VALUES ('Podiceps major','Osorno');
INSERT INTO aves.se_encuentra_en(especie,nombre) VALUES ('Macronectes giganteus','Concepción');
INSERT INTO aves.se_encuentra_en(especie,nombre) VALUES ('Colibri coruscans','Socoroma');
INSERT INTO aves.se_encuentra_en(especie,nombre) VALUES ('Geositta cunicularia','San Bernardo');
INSERT INTO aves.se_encuentra_en(especie,nombre) VALUES ('Zonotrichia capensis','Atacama');
INSERT INTO aves.se_encuentra_en(especie,nombre) VALUES ('Rollandia Rolland','Temuco');
INSERT INTO aves.se_encuentra_en(especie,nombre) VALUES ('Colaptes pitius','Vallenar');
INSERT INTO aves.se_encuentra_en(especie,nombre) VALUES ('Turdus falcklandii','Aysén');
INSERT INTO aves.se_encuentra_en(especie,nombre) VALUES ('Rollandia Rolland','Valdivia');
INSERT INTO aves.se_encuentra_en(especie,nombre) VALUES ('Podiceps occipitalis','Osorno');
INSERT INTO aves.se_encuentra_en(especie,nombre) VALUES ('Chaetura pelagica','Calama');
INSERT INTO aves.se_encuentra_en(especie,nombre) VALUES ('Geositta cunicularia','Osorno');
INSERT INTO aves.se_encuentra_en(especie,nombre) VALUES ('Thalassarche melanophrys','Atacama');
INSERT INTO aves.se_encuentra_en(especie,nombre) VALUES ('Sylviorthorhynchus desmursii','Chile Chico');
INSERT INTO aves.se_encuentra_en(especie,nombre) VALUES ('Pelecanus thagus','Tarapacá');
INSERT INTO aves.se_encuentra_en(especie,nombre) VALUES ('Podiceps major','Huasco');
INSERT INTO aves.se_encuentra_en(especie,nombre) VALUES ('Pelecanus thagus','Tongoy');
INSERT INTO aves.se_encuentra_en(especie,nombre) VALUES ('Zonotrichia capensis','Valdivia');
INSERT INTO aves.se_encuentra_en(especie,nombre) VALUES ('Caprimulgus longirostris','Tierra del Fuego');
INSERT INTO aves.se_encuentra_en(especie,nombre) VALUES ('Anairetes parulus','Aysén');
INSERT INTO aves.se_encuentra_en(especie,nombre) VALUES ('Phaeton aethereus','Coquimbo');
INSERT INTO aves.se_encuentra_en(especie,nombre) VALUES ('Nothoprocta perdicaria','Valdivia');
INSERT INTO aves.se_encuentra_en(especie,nombre) VALUES ('Coscoroba coscoroba','Cabo de Hornos');
INSERT INTO aves.se_encuentra_en(especie,nombre) VALUES ('Podiceps occipitalis','Huasco');
INSERT INTO aves.se_encuentra_en(especie,nombre) VALUES ('Turdus falcklandii','Cabo de Hornos');
INSERT INTO aves.se_encuentra_en(especie,nombre) VALUES ('Elaenia albiceps','Paine');
INSERT INTO aves.se_encuentra_en(especie,nombre) VALUES ('Glaucidium nanum','Tierra del Fuego');
INSERT INTO aves.se_encuentra_en(especie,nombre) VALUES ('Pygoscelis antarctica','Cabo de Hornos');
INSERT INTO aves.se_encuentra_en(especie,nombre) VALUES ('Diomedea exulans','Los Andes');
INSERT INTO aves.se_encuentra_en(especie,nombre) VALUES ('Podiceps major','Vallenar');
INSERT INTO aves.se_encuentra_en(especie,nombre) VALUES ('Thalassarche melanophrys','Los Andes');
INSERT INTO aves.se_encuentra_en(especie,nombre) VALUES ('Diomedea exulans','Chañaral');
INSERT INTO aves.se_encuentra_en(especie,nombre) VALUES ('Colaptes pitius','Laja');
INSERT INTO aves.se_encuentra_en(especie,nombre) VALUES ('Thalassarche melanophrys','Chañaral');
INSERT INTO aves.se_encuentra_en(especie,nombre) VALUES ('Sylviorthorhynchus desmursii','Linares');
INSERT INTO aves.se_encuentra_en(especie,nombre) VALUES ('Glaucidium nanum','Linares');
INSERT INTO aves.se_encuentra_en(especie,nombre) VALUES ('Caprimulgus longirostris','Punta Arenas');
INSERT INTO aves.se_encuentra_en(especie,nombre) VALUES ('Chloephaga melanoptera','Colchahua');
INSERT INTO aves.se_encuentra_en(especie,nombre) VALUES ('Anairetes parulus','Cabo de Hornos');
INSERT INTO aves.se_encuentra_en(especie,nombre) VALUES ('Caprimulgus longirostris','Socoroma');
INSERT INTO aves.se_encuentra_en(especie,nombre) VALUES ('Chaetura pelagica','Tarapacá');
INSERT INTO aves.se_encuentra_en(especie,nombre) VALUES ('Podiceps occipitalis','Vallenar');
INSERT INTO aves.se_encuentra_en(especie,nombre) VALUES ('Coscoroba coscoroba','Chiloé');
INSERT INTO aves.se_encuentra_en(especie,nombre) VALUES ('Rollandia Rolland','Tierra del Fuego');
INSERT INTO aves.se_encuentra_en(especie,nombre) VALUES ('Geositta cunicularia','Vallenar');
INSERT INTO aves.se_encuentra_en(especie,nombre) VALUES ('Thalassarche melanophrys','Chile Chico');
INSERT INTO aves.se_encuentra_en(especie,nombre) VALUES ('Campephilus magellanicus','Colchahua');
INSERT INTO aves.se_encuentra_en(especie,nombre) VALUES ('Aphrastura spinicauda','Coquimbo');
INSERT INTO aves.se_encuentra_en(especie,nombre) VALUES ('Glaucidium nanum','Punta Arenas');
INSERT INTO aves.se_encuentra_en(especie,nombre) VALUES ('Rollandia Rolland','Linares');
INSERT INTO aves.se_encuentra_en(especie,nombre) VALUES ('Nothoprocta ornata','Copiapó');
INSERT INTO aves.se_encuentra_en(especie,nombre) VALUES ('Aphrodroma brevirostris','Valdivia');
INSERT INTO aves.se_encuentra_en(especie,nombre) VALUES ('Caprimulgus longirostris','Concepción');
INSERT INTO aves.se_encuentra_en(especie,nombre) VALUES ('Turdus falcklandii','Copiapó');
INSERT INTO aves.se_encuentra_en(especie,nombre) VALUES ('Podiceps major','Llanquihue');
INSERT INTO aves.se_encuentra_en(especie,nombre) VALUES ('Pteroptochos megapodius','Laja');
INSERT INTO aves.se_encuentra_en(especie,nombre) VALUES ('Podiceps major','Laja');
INSERT INTO aves.se_encuentra_en(especie,nombre) VALUES ('Diomedea exulans','Parinacota');
INSERT INTO aves.se_encuentra_en(especie,nombre) VALUES ('Zonotrichia capensis','Linares');
INSERT INTO aves.se_encuentra_en(especie,nombre) VALUES ('Thalassarche melanophrys','Parinacota');
INSERT INTO aves.se_encuentra_en(especie,nombre) VALUES ('Macronectes giganteus','Colchahua');
INSERT INTO aves.se_encuentra_en(especie,nombre) VALUES ('Rollandia Rolland','Punta Arenas');
INSERT INTO aves.se_encuentra_en(especie,nombre) VALUES ('Rollandia Rolland','Socoroma');
INSERT INTO aves.se_encuentra_en(especie,nombre) VALUES ('Nothoprocta perdicaria','Linares');
INSERT INTO aves.se_encuentra_en(especie,nombre) VALUES ('Nothoprocta pentlandii','Arica');
INSERT INTO aves.se_encuentra_en(especie,nombre) VALUES ('Dryobates lignarius','Cabo de Hornos');
INSERT INTO aves.se_encuentra_en(especie,nombre) VALUES ('Calliplepa Californica','Temuco');
INSERT INTO aves.se_encuentra_en(especie,nombre) VALUES ('Macronectes giganteus','Huasco');
INSERT INTO aves.se_encuentra_en(especie,nombre) VALUES ('Oreotrochilus estella','Antofagasta');
INSERT INTO aves.se_encuentra_en(especie,nombre) VALUES ('Geositta cunicularia','Llanquihue');
INSERT INTO aves.se_encuentra_en(especie,nombre) VALUES ('Elaenia albiceps','Aysén');
INSERT INTO aves.se_encuentra_en(especie,nombre) VALUES ('Anairetes parulus','Copiapó');
INSERT INTO aves.se_encuentra_en(especie,nombre) VALUES ('Podiceps occipitalis','Laja');
INSERT INTO aves.se_encuentra_en(especie,nombre) VALUES ('Geositta cunicularia','Laja');
INSERT INTO aves.se_encuentra_en(especie,nombre) VALUES ('Pelecanoides garnotii','Copiapó');
INSERT INTO aves.se_encuentra_en(especie,nombre) VALUES ('Chloephaga picta','Paine');
INSERT INTO aves.se_encuentra_en(especie,nombre) VALUES ('Patagona gigas','Chañaral');
INSERT INTO aves.se_encuentra_en(especie,nombre) VALUES ('Tyto alba','Valdivia');
INSERT INTO aves.se_encuentra_en(especie,nombre) VALUES ('Spheniscus humboldti','Copiapó');
INSERT INTO aves.se_encuentra_en(especie,nombre) VALUES ('Dryobates lignarius','Chiloé');
INSERT INTO aves.se_encuentra_en(especie,nombre) VALUES ('Diomedea exulans','San Bernardo');
INSERT INTO aves.se_encuentra_en(especie,nombre) VALUES ('Geositta tenuirostris','Arica');
INSERT INTO aves.se_encuentra_en(especie,nombre) VALUES ('Thalassarche melanophrys','San Bernardo');
INSERT INTO aves.se_encuentra_en(especie,nombre) VALUES ('Merganetta armata','Concepción');
INSERT INTO aves.se_encuentra_en(especie,nombre) VALUES ('Elaenia albiceps','Cabo de Hornos');
INSERT INTO aves.se_encuentra_en(especie,nombre) VALUES ('Glaucidium nanum','Tongoy');
INSERT INTO aves.se_encuentra_en(especie,nombre) VALUES ('Thalassarche melanophrys','Calama');
INSERT INTO aves.se_encuentra_en(especie,nombre) VALUES ('Cygnus melanocoryphus','Talca');
INSERT INTO aves.se_encuentra_en(especie,nombre) VALUES ('Diomedea exulans','Osorno');
INSERT INTO aves.se_encuentra_en(especie,nombre) VALUES ('Tyto alba','Chile Chico');
INSERT INTO aves.se_encuentra_en(especie,nombre) VALUES ('Patagona gigas','Parinacota');
INSERT INTO aves.se_encuentra_en(especie,nombre) VALUES ('Cygnus melanocoryphus','Archipiélado Juan Fernández');
INSERT INTO aves.se_encuentra_en(especie,nombre) VALUES ('Eudromia elegans','Chile Chico');
INSERT INTO aves.se_encuentra_en(especie,nombre) VALUES ('Rollandia Rolland','Tongoy');
INSERT INTO aves.se_encuentra_en(especie,nombre) VALUES ('Elaenia albiceps','Chiloé');
INSERT INTO aves.se_encuentra_en(especie,nombre) VALUES ('Diomedea exulans','Antofagasta');
INSERT INTO aves.se_encuentra_en(especie,nombre) VALUES ('Macronectes giganteus','Iquique');
INSERT INTO aves.se_encuentra_en(especie,nombre) VALUES ('Cygnus melanocoryphus','Antártica');
INSERT INTO aves.se_encuentra_en(especie,nombre) VALUES ('Chloephaga melanoptera','Coquimbo');
INSERT INTO aves.se_encuentra_en(especie,nombre) VALUES ('Spheniscus humboldti','Archipiélado Juan Fernández');
INSERT INTO aves.se_encuentra_en(especie,nombre) VALUES ('Diomedea exulans','Huasco');
INSERT INTO aves.se_encuentra_en(especie,nombre) VALUES ('Chloephaga picta','Aysén');
INSERT INTO aves.se_encuentra_en(especie,nombre) VALUES ('Chloephaga hybrida','Antártica');
INSERT INTO aves.se_encuentra_en(especie,nombre) VALUES ('Oreotrochilus estella','Toconao');
INSERT INTO aves.se_encuentra_en(especie,nombre) VALUES ('Caprimulgus longirostris','Colchahua');
INSERT INTO aves.se_encuentra_en(especie,nombre) VALUES ('Chloephaga melanoptera','Paine');
INSERT INTO aves.se_encuentra_en(especie,nombre) VALUES ('Elaenia albiceps','Copiapó');
INSERT INTO aves.se_encuentra_en(especie,nombre) VALUES ('Dryobates lignarius','Temuco');
INSERT INTO aves.se_encuentra_en(especie,nombre) VALUES ('Zonotrichia capensis','Tongoy');
INSERT INTO aves.se_encuentra_en(especie,nombre) VALUES ('Tyto alba','Linares');
INSERT INTO aves.se_encuentra_en(especie,nombre) VALUES ('Nothoprocta perdicaria','Tongoy');
INSERT INTO aves.se_encuentra_en(especie,nombre) VALUES ('Dryobates lignarius','Valdivia');
INSERT INTO aves.se_encuentra_en(especie,nombre) VALUES ('Caprimulgus longirostris','Huasco');
INSERT INTO aves.se_encuentra_en(especie,nombre) VALUES ('Colaptes rupicola','Tarapacá');
INSERT INTO aves.se_encuentra_en(especie,nombre) VALUES ('Thalassarche melanophrys','Tarapacá');
INSERT INTO aves.se_encuentra_en(especie,nombre) VALUES ('Pelecanus thagus','Paine');
INSERT INTO aves.se_encuentra_en(especie,nombre) VALUES ('Diomedea exulans','Vallenar');
INSERT INTO aves.se_encuentra_en(especie,nombre) VALUES ('Chloephaga picta','Cabo de Hornos');
INSERT INTO aves.se_encuentra_en(especie,nombre) VALUES ('Macronectes giganteus','Coquimbo');
INSERT INTO aves.se_encuentra_en(especie,nombre) VALUES ('Leptasthenura aegithaloides','Concepción');
INSERT INTO aves.se_encuentra_en(especie,nombre) VALUES ('Cygnus melanocoryphus','Atacama');
INSERT INTO aves.se_encuentra_en(especie,nombre) VALUES ('Patagona gigas','Osorno');
INSERT INTO aves.se_encuentra_en(especie,nombre) VALUES ('Oreotrochilus estella','Quillagua');
INSERT INTO aves.se_encuentra_en(especie,nombre) VALUES ('Rollandia Rolland','Colchahua');
INSERT INTO aves.se_encuentra_en(especie,nombre) VALUES ('Calliplepa Californica','Concepción');
INSERT INTO aves.se_encuentra_en(especie,nombre) VALUES ('Tyto alba','Calama');
INSERT INTO aves.se_encuentra_en(especie,nombre) VALUES ('Cairina moschata','Paine');
INSERT INTO aves.se_encuentra_en(especie,nombre) VALUES ('Ceryle torquata','Cabo de Hornos');
INSERT INTO aves.se_encuentra_en(especie,nombre) VALUES ('Phaeton aethereus','Archipiélado Juan Fernández');
INSERT INTO aves.se_encuentra_en(especie,nombre) VALUES ('Aptenodytes patagonicus','Tierra del Fuego');
INSERT INTO aves.se_encuentra_en(especie,nombre) VALUES ('Patagona gigas','Antofagasta');
INSERT INTO aves.se_encuentra_en(especie,nombre) VALUES ('Turdus falcklandii','Concepción');
INSERT INTO aves.se_encuentra_en(especie,nombre) VALUES ('Merganetta armata','Colchahua');
INSERT INTO aves.se_encuentra_en(especie,nombre) VALUES ('Anairetes parulus','Chañaral');
INSERT INTO aves.se_encuentra_en(especie,nombre) VALUES ('Patagona gigas','Huasco');
INSERT INTO aves.se_encuentra_en(especie,nombre) VALUES ('Diomedea exulans','Iquique');
INSERT INTO aves.se_encuentra_en(especie,nombre) VALUES ('Diomedea exulans','Llanquihue');
INSERT INTO aves.se_encuentra_en(especie,nombre) VALUES ('Thalassarche melanophrys','Toconao');
INSERT INTO aves.se_encuentra_en(especie,nombre) VALUES ('Thalassarche melanophrys','Llanquihue');
INSERT INTO aves.se_encuentra_en(especie,nombre) VALUES ('Cygnus melanocoryphus','Los Andes');
INSERT INTO aves.se_encuentra_en(especie,nombre) VALUES ('Merganetta armata','Huasco');
INSERT INTO aves.se_encuentra_en(especie,nombre) VALUES ('Diomedea exulans','Laja');
INSERT INTO aves.se_encuentra_en(especie,nombre) VALUES ('Cygnus melanocoryphus','Chañaral');
INSERT INTO aves.se_encuentra_en(especie,nombre) VALUES ('Dryobates lignarius','Tierra del Fuego');
INSERT INTO aves.se_encuentra_en(especie,nombre) VALUES ('Aphrastura spinicauda','Talca');
INSERT INTO aves.se_encuentra_en(especie,nombre) VALUES ('Dendrocygna viduata','Coquimbo');
INSERT INTO aves.se_encuentra_en(especie,nombre) VALUES ('Ceryle torquata','Chiloé');
INSERT INTO aves.se_encuentra_en(especie,nombre) VALUES ('Caprimulgus longirostris','Iquique');
INSERT INTO aves.se_encuentra_en(especie,nombre) VALUES ('Pelecanoides garnotii','Concepción');
INSERT INTO aves.se_encuentra_en(especie,nombre) VALUES ('Aphrastura spinicauda','Archipiélado Juan Fernández');
INSERT INTO aves.se_encuentra_en(especie,nombre) VALUES ('Spheniscus humboldti','Los Andes');
INSERT INTO aves.se_encuentra_en(especie,nombre) VALUES ('Colaptes pitius','Talca');
INSERT INTO aves.se_encuentra_en(especie,nombre) VALUES ('Upucerthia dumetaria','Arica');
INSERT INTO aves.se_encuentra_en(especie,nombre) VALUES ('Spheniscus humboldti','Chañaral');
INSERT INTO aves.se_encuentra_en(especie,nombre) VALUES ('Cygnus melanocoryphus','Chile Chico');
INSERT INTO aves.se_encuentra_en(especie,nombre) VALUES ('Patagona gigas','Vallenar');
INSERT INTO aves.se_encuentra_en(especie,nombre) VALUES ('Chloephaga hybrida','Chile Chico');
INSERT INTO aves.se_encuentra_en(especie,nombre) VALUES ('Aphrastura spinicauda','Antártica');
INSERT INTO aves.se_encuentra_en(especie,nombre) VALUES ('Podilymbus podiceps','Chiloé');
INSERT INTO aves.se_encuentra_en(especie,nombre) VALUES ('Colaptes pitius','Archipiélado Juan Fernández');
INSERT INTO aves.se_encuentra_en(especie,nombre) VALUES ('Tyto alba','Tarapacá');
INSERT INTO aves.se_encuentra_en(especie,nombre) VALUES ('Phasianus colchicus','Aysén');
INSERT INTO aves.se_encuentra_en(especie,nombre) VALUES ('Dryobates lignarius','Punta Arenas');
INSERT INTO aves.se_encuentra_en(especie,nombre) VALUES ('Tyto alba','Tongoy');
INSERT INTO aves.se_encuentra_en(especie,nombre) VALUES ('Diomedea exulans','Quillagua');
INSERT INTO aves.se_encuentra_en(especie,nombre) VALUES ('Macronectes giganteus','Aysén');
INSERT INTO aves.se_encuentra_en(especie,nombre) VALUES ('Chloroceryle americana','Tarapacá');
INSERT INTO aves.se_encuentra_en(especie,nombre) VALUES ('Pteroptochos tarnii','Aysén');
INSERT INTO aves.se_encuentra_en(especie,nombre) VALUES ('Colaptes pitius','Antártica');
INSERT INTO aves.se_encuentra_en(especie,nombre) VALUES ('Podilymbus podiceps','Copiapó');
INSERT INTO aves.se_encuentra_en(especie,nombre) VALUES ('Leptasthenura aegithaloides','Osorno');
INSERT INTO aves.se_encuentra_en(especie,nombre) VALUES ('Caprimulgus longirostris','Coquimbo');
INSERT INTO aves.se_encuentra_en(especie,nombre) VALUES ('Dryobates lignarius','Concepción');
INSERT INTO aves.se_encuentra_en(especie,nombre) VALUES ('Pteroptochos megapodius','Talca');
INSERT INTO aves.se_encuentra_en(especie,nombre) VALUES ('Ceryle torquata','Temuco');
INSERT INTO aves.se_encuentra_en(especie,nombre) VALUES ('Podiceps major','Talca');
INSERT INTO aves.se_encuentra_en(especie,nombre) VALUES ('Patagona gigas','Iquique');
INSERT INTO aves.se_encuentra_en(especie,nombre) VALUES ('Spheniscus humboldti','Parinacota');
INSERT INTO aves.se_encuentra_en(especie,nombre) VALUES ('Glaucidium nanum','Coquimbo');
INSERT INTO aves.se_encuentra_en(especie,nombre) VALUES ('Leptasthenura aegithaloides','Colchahua');
INSERT INTO aves.se_encuentra_en(especie,nombre) VALUES ('Patagona gigas','Laja');
INSERT INTO aves.se_encuentra_en(especie,nombre) VALUES ('Ceryle torquata','Valdivia');
INSERT INTO aves.se_encuentra_en(especie,nombre) VALUES ('Phaeton aethereus','Los Andes');
INSERT INTO aves.se_encuentra_en(especie,nombre) VALUES ('Merganetta armata','Iquique');
INSERT INTO aves.se_encuentra_en(especie,nombre) VALUES ('Phaeton aethereus','Chañaral');
INSERT INTO aves.se_encuentra_en(especie,nombre) VALUES ('Pteroptochos tarnii','Cabo de Hornos');
INSERT INTO aves.se_encuentra_en(especie,nombre) VALUES ('Pteroptochos megapodius','Archipiélado Juan Fernández');
INSERT INTO aves.se_encuentra_en(especie,nombre) VALUES ('Turdus falcklandii','Osorno');
INSERT INTO aves.se_encuentra_en(especie,nombre) VALUES ('Glaucidium nanum','Paine');
INSERT INTO aves.se_encuentra_en(especie,nombre) VALUES ('Calliplepa Californica','Colchahua');
INSERT INTO aves.se_encuentra_en(especie,nombre) VALUES ('Podiceps occipitalis','Talca');
INSERT INTO aves.se_encuentra_en(especie,nombre) VALUES ('Chloephaga melanoptera','Copiapó');
INSERT INTO aves.se_encuentra_en(especie,nombre) VALUES ('Podilymbus podiceps','Temuco');
INSERT INTO aves.se_encuentra_en(especie,nombre) VALUES ('Colaptes pitius','Atacama');
INSERT INTO aves.se_encuentra_en(especie,nombre) VALUES ('Nothoprocta ornata','Antofagasta');
INSERT INTO aves.se_encuentra_en(especie,nombre) VALUES ('Podilymbus podiceps','Valdivia');
INSERT INTO aves.se_encuentra_en(especie,nombre) VALUES ('Podiceps major','Antártica');
INSERT INTO aves.se_encuentra_en(especie,nombre) VALUES ('Phoebetria fusca','Cabo de Hornos');
INSERT INTO aves.se_encuentra_en(especie,nombre) VALUES ('Cygnus melanocoryphus','San Bernardo');
INSERT INTO aves.se_encuentra_en(especie,nombre) VALUES ('Rollandia Rolland','Coquimbo');
INSERT INTO aves.se_encuentra_en(especie,nombre) VALUES ('Elaenia albiceps','Concepción');
INSERT INTO aves.se_encuentra_en(especie,nombre) VALUES ('Podiceps occipitalis','Archipiélado Juan Fernández');
INSERT INTO aves.se_encuentra_en(especie,nombre) VALUES ('Anairetes parulus','Osorno');
INSERT INTO aves.se_encuentra_en(especie,nombre) VALUES ('Nothoprocta ornata','Huasco');
INSERT INTO aves.se_encuentra_en(especie,nombre) VALUES ('Pelecanus thagus','Copiapó');
INSERT INTO aves.se_encuentra_en(especie,nombre) VALUES ('Rollandia Rolland','Paine');
INSERT INTO aves.se_encuentra_en(especie,nombre) VALUES ('Aeronautes  andecolus','Parinacota');
INSERT INTO aves.se_encuentra_en(especie,nombre) VALUES ('Patagona gigas','Quillagua');
INSERT INTO aves.se_encuentra_en(especie,nombre) VALUES ('Pteroptochos tarnii','Chiloé');
INSERT INTO aves.se_encuentra_en(especie,nombre) VALUES ('Aphrastura spinicauda','Los Andes');
INSERT INTO aves.se_encuentra_en(especie,nombre) VALUES ('Turdus falcklandii','Huasco');
INSERT INTO aves.se_encuentra_en(especie,nombre) VALUES ('Podiceps occipitalis','Antártica');
INSERT INTO aves.se_encuentra_en(especie,nombre) VALUES ('Merganetta armata','Coquimbo');
INSERT INTO aves.se_encuentra_en(especie,nombre) VALUES ('Anairetes parulus','Antofagasta');
INSERT INTO aves.se_encuentra_en(especie,nombre) VALUES ('Pelecanoides garnotii','Colchahua');
INSERT INTO aves.se_encuentra_en(especie,nombre) VALUES ('Colaptes pitius','Los Andes');
INSERT INTO aves.se_encuentra_en(especie,nombre) VALUES ('Spheniscus humboldti','Osorno');
INSERT INTO aves.se_encuentra_en(especie,nombre) VALUES ('Pelecanoides garnotii','Antofagasta');
INSERT INTO aves.se_encuentra_en(especie,nombre) VALUES ('Colaptes pitius','Chañaral');
INSERT INTO aves.se_encuentra_en(especie,nombre) VALUES ('Nothoprocta perdicaria','Paine');
INSERT INTO aves.se_encuentra_en(especie,nombre) VALUES ('Nothoprocta ornata','Vallenar');
INSERT INTO aves.se_encuentra_en(especie,nombre) VALUES ('Campephilus magellanicus','Talca');
INSERT INTO aves.se_encuentra_en(especie,nombre) VALUES ('Chloephaga melanoptera','Archipiélado Juan Fernández');
INSERT INTO aves.se_encuentra_en(especie,nombre) VALUES ('Ceryle torquata','Tierra del Fuego');
INSERT INTO aves.se_encuentra_en(especie,nombre) VALUES ('Aphrastura spinicauda','Chile Chico');
INSERT INTO aves.se_encuentra_en(especie,nombre) VALUES ('Podiceps major','Atacama');
INSERT INTO aves.se_encuentra_en(especie,nombre) VALUES ('Pelecanoides garnotii','Huasco');
INSERT INTO aves.se_encuentra_en(especie,nombre) VALUES ('Anairetes parulus','Huasco');
INSERT INTO aves.se_encuentra_en(especie,nombre) VALUES ('Chordeiles acutipennis','Quillagua');
INSERT INTO aves.se_encuentra_en(especie,nombre) VALUES ('Pelecanus thagus','Temuco');
INSERT INTO aves.se_encuentra_en(especie,nombre) VALUES ('Turdus falcklandii','Vallenar');
INSERT INTO aves.se_encuentra_en(especie,nombre) VALUES ('Glaucidium nanum','Aysén');
INSERT INTO aves.se_encuentra_en(especie,nombre) VALUES ('Spheniscus humboldti','Antofagasta');
INSERT INTO aves.se_encuentra_en(especie,nombre) VALUES ('Colaptes pitius','Chile Chico');
INSERT INTO aves.se_encuentra_en(especie,nombre) VALUES ('Chaetura pelagica','Copiapó');
INSERT INTO aves.se_encuentra_en(especie,nombre) VALUES ('Podiceps occipitalis','Atacama');
INSERT INTO aves.se_encuentra_en(especie,nombre) VALUES ('Lafresnaya lafresnayi','Socoroma');
INSERT INTO aves.se_encuentra_en(especie,nombre) VALUES ('Spheniscus humboldti','Huasco');
INSERT INTO aves.se_encuentra_en(especie,nombre) VALUES ('Campephilus magellanicus','Antártica');
INSERT INTO aves.se_encuentra_en(especie,nombre) VALUES ('Leptasthenura aegithaloides','Laja');
INSERT INTO aves.se_encuentra_en(especie,nombre) VALUES ('Anairetes parulus','Vallenar');
INSERT INTO aves.se_encuentra_en(especie,nombre) VALUES ('Ceryle torquata','Punta Arenas');
INSERT INTO aves.se_encuentra_en(especie,nombre) VALUES ('Pelecanoides garnotii','Vallenar');
INSERT INTO aves.se_encuentra_en(especie,nombre) VALUES ('Pteroptochos tarnii','Temuco');
INSERT INTO aves.se_encuentra_en(especie,nombre) VALUES ('Podiceps major','Valdivia');
INSERT INTO aves.se_encuentra_en(especie,nombre) VALUES ('Dryobates lignarius','Colchahua');
INSERT INTO aves.se_encuentra_en(especie,nombre) VALUES ('Pteroptochos megapodius','Los Andes');
INSERT INTO aves.se_encuentra_en(especie,nombre) VALUES ('Macronectes giganteus','Archipiélado Juan Fernández');
INSERT INTO aves.se_encuentra_en(especie,nombre) VALUES ('Chloephaga picta','Concepción');
INSERT INTO aves.se_encuentra_en(especie,nombre) VALUES ('Nothoprocta ornata','Iquique');
INSERT INTO aves.se_encuentra_en(especie,nombre) VALUES ('Rollandia Rolland','Aysén');
INSERT INTO aves.se_encuentra_en(especie,nombre) VALUES ('Glaucidium nanum','Cabo de Hornos');
INSERT INTO aves.se_encuentra_en(especie,nombre) VALUES ('Geositta cunicularia','Temuco');
INSERT INTO aves.se_encuentra_en(especie,nombre) VALUES ('Sylviorthorhynchus desmursii','Cabo de Hornos');
INSERT INTO aves.se_encuentra_en(especie,nombre) VALUES ('Diomedea exulans','Arica');
INSERT INTO aves.se_encuentra_en(especie,nombre) VALUES ('Turdus falcklandii','Laja');
INSERT INTO aves.se_encuentra_en(especie,nombre) VALUES ('Spheniscus humboldti','Vallenar');
INSERT INTO aves.se_encuentra_en(especie,nombre) VALUES ('Pterodroma lessoni','Cabo de Hornos');
INSERT INTO aves.se_encuentra_en(especie,nombre) VALUES ('Geositta cunicularia','Valdivia');
INSERT INTO aves.se_encuentra_en(especie,nombre) VALUES ('Ceryle torquata','Concepción');
INSERT INTO aves.se_encuentra_en(especie,nombre) VALUES ('Colaptes pitius','Linares');
INSERT INTO aves.se_encuentra_en(especie,nombre) VALUES ('Zonotrichia capensis','Chañaral');
INSERT INTO aves.se_encuentra_en(especie,nombre) VALUES ('Podiceps occipitalis','Los Andes');
INSERT INTO aves.se_encuentra_en(especie,nombre) VALUES ('Podiceps major','Chile Chico');
INSERT INTO aves.se_encuentra_en(especie,nombre) VALUES ('Podiceps occipitalis','Chañaral');
INSERT INTO aves.se_encuentra_en(especie,nombre) VALUES ('Elaenia albiceps','Colchahua');
INSERT INTO aves.se_encuentra_en(especie,nombre) VALUES ('Aphrastura spinicauda','San Bernardo');
INSERT INTO aves.se_encuentra_en(especie,nombre) VALUES ('Calliplepa Californica','Coquimbo');
INSERT INTO aves.se_encuentra_en(especie,nombre) VALUES ('Rollandia Rolland','Cabo de Hornos');
INSERT INTO aves.se_encuentra_en(especie,nombre) VALUES ('Pelecanoides garnotii','Iquique');
INSERT INTO aves.se_encuentra_en(especie,nombre) VALUES ('Anairetes parulus','Laja');
INSERT INTO aves.se_encuentra_en(especie,nombre) VALUES ('Glaucidium nanum','Chiloé');
INSERT INTO aves.se_encuentra_en(especie,nombre) VALUES ('Podilymbus podiceps','Concepción');
INSERT INTO aves.se_encuentra_en(especie,nombre) VALUES ('Pelecanoides garnotii','Laja');
INSERT INTO aves.se_encuentra_en(especie,nombre) VALUES ('Nothoprocta ornata','Quillagua');
INSERT INTO aves.se_encuentra_en(especie,nombre) VALUES ('Cygnus melanocoryphus','Llanquihue');
INSERT INTO aves.se_encuentra_en(especie,nombre) VALUES ('Podiceps occipitalis','Chile Chico');
INSERT INTO aves.se_encuentra_en(especie,nombre) VALUES ('Calliplepa Californica','Paine');
INSERT INTO aves.se_encuentra_en(especie,nombre) VALUES ('Phaeton aethereus','Huasco');
INSERT INTO aves.se_encuentra_en(especie,nombre) VALUES ('Sylviorthorhynchus desmursii','Chiloé');
INSERT INTO aves.se_encuentra_en(especie,nombre) VALUES ('Aphrastura spinicauda','Osorno');
INSERT INTO aves.se_encuentra_en(especie,nombre) VALUES ('Chloephaga hybrida','Llanquihue');
INSERT INTO aves.se_encuentra_en(especie,nombre) VALUES ('Colaptes pitius','San Bernardo');
INSERT INTO aves.se_encuentra_en(especie,nombre) VALUES ('Elaenia albiceps','Huasco');
INSERT INTO aves.se_encuentra_en(especie,nombre) VALUES ('Chloephaga melanoptera','Los Andes');
INSERT INTO aves.se_encuentra_en(especie,nombre) VALUES ('Tyto alba','Paine');
INSERT INTO aves.se_encuentra_en(especie,nombre) VALUES ('Chloephaga melanoptera','Chañaral');
INSERT INTO aves.se_encuentra_en(especie,nombre) VALUES ('Spheniscus humboldti','Iquique');
INSERT INTO aves.se_encuentra_en(especie,nombre) VALUES ('Spheniscus humboldti','Llanquihue');
INSERT INTO aves.se_encuentra_en(especie,nombre) VALUES ('Pterodroma macroptera','Punta Arenas');
INSERT INTO aves.se_encuentra_en(especie,nombre) VALUES ('Glaucidium nanum','Copiapó');
INSERT INTO aves.se_encuentra_en(especie,nombre) VALUES ('Pteroptochos tarnii','Tierra del Fuego');
INSERT INTO aves.se_encuentra_en(especie,nombre) VALUES ('Diomedea exulans','Talca');
INSERT INTO aves.se_encuentra_en(especie,nombre) VALUES ('Pteroptochos megapodius','Linares');
INSERT INTO aves.se_encuentra_en(especie,nombre) VALUES ('Podiceps major','Linares');
INSERT INTO aves.se_encuentra_en(especie,nombre) VALUES ('Pelecanus thagus','Socoroma');
INSERT INTO aves.se_encuentra_en(especie,nombre) VALUES ('Phaeton aethereus','Vallenar');
INSERT INTO aves.se_encuentra_en(especie,nombre) VALUES ('Anairetes parulus','Quillagua');
INSERT INTO aves.se_encuentra_en(especie,nombre) VALUES ('Dendrocygna bicolor','Colchahua');
INSERT INTO aves.se_encuentra_en(especie,nombre) VALUES ('Patagona gigas','Arica');
INSERT INTO aves.se_encuentra_en(especie,nombre) VALUES ('Podiceps occipitalis','Linares');
INSERT INTO aves.se_encuentra_en(especie,nombre) VALUES ('Geositta cunicularia','Linares');
INSERT INTO aves.se_encuentra_en(especie,nombre) VALUES ('Rollandia Rolland','Copiapó');
INSERT INTO aves.se_encuentra_en(especie,nombre) VALUES ('Zonotrichia capensis','Chiloé');
INSERT INTO aves.se_encuentra_en(especie,nombre) VALUES ('Chloephaga picta','Osorno');
INSERT INTO aves.se_encuentra_en(especie,nombre) VALUES ('Merganetta armata','Arica');
INSERT INTO aves.se_encuentra_en(especie,nombre) VALUES ('Diomedea exulans','Antártica');
INSERT INTO aves.se_encuentra_en(especie,nombre) VALUES ('Nothoprocta perdicaria','Chiloé');
INSERT INTO aves.se_encuentra_en(especie,nombre) VALUES ('Macronectes giganteus','Los Andes');
INSERT INTO aves.se_encuentra_en(especie,nombre) VALUES ('Pelecanus thagus','Concepción');
INSERT INTO aves.se_encuentra_en(especie,nombre) VALUES ('Caprimulgus longirostris','Archipiélado Juan Fernández');
INSERT INTO aves.se_encuentra_en(especie,nombre) VALUES ('Macronectes giganteus','Chañaral');
INSERT INTO aves.se_encuentra_en(especie,nombre) VALUES ('Pteroptochos tarnii','Punta Arenas');
INSERT INTO aves.se_encuentra_en(especie,nombre) VALUES ('Spheniscus humboldti','Quillagua');
INSERT INTO aves.se_encuentra_en(especie,nombre) VALUES ('Sylviorthorhynchus desmursii','Temuco');
INSERT INTO aves.se_encuentra_en(especie,nombre) VALUES ('Pteroptochos megapodius','San Bernardo');
INSERT INTO aves.se_encuentra_en(especie,nombre) VALUES ('Thalassarche melanophrys','Chiloé');
INSERT INTO aves.se_encuentra_en(especie,nombre) VALUES ('Chloephaga melanoptera','Parinacota');
INSERT INTO aves.se_encuentra_en(especie,nombre) VALUES ('Zonotrichia capensis','Copiapó');
INSERT INTO aves.se_encuentra_en(especie,nombre) VALUES ('Caprimulgus longirostris','Antártica');
INSERT INTO aves.se_encuentra_en(especie,nombre) VALUES ('Chloephaga picta','Colchahua');
INSERT INTO aves.se_encuentra_en(especie,nombre) VALUES ('Chloephaga poliocephala','Laja');
INSERT INTO aves.se_encuentra_en(especie,nombre) VALUES ('Aphrodroma brevirostris','Cabo de Hornos');
INSERT INTO aves.se_encuentra_en(especie,nombre) VALUES ('Nothoprocta perdicaria','Copiapó');
INSERT INTO aves.se_encuentra_en(especie,nombre) VALUES ('Podiceps occipitalis','San Bernardo');
INSERT INTO aves.se_encuentra_en(especie,nombre) VALUES ('Colaptes pitius','Tongoy');
INSERT INTO aves.se_encuentra_en(especie,nombre) VALUES ('Pteroptochos tarnii','Concepción');
INSERT INTO aves.se_encuentra_en(especie,nombre) VALUES ('Chaetura pelagica','Socoroma');
INSERT INTO aves.se_encuentra_en(especie,nombre) VALUES ('Dryobates lignarius','Coquimbo');
INSERT INTO aves.se_encuentra_en(especie,nombre) VALUES ('Tyto alba','Aysén');
INSERT INTO aves.se_encuentra_en(especie,nombre) VALUES ('Dryobates lignarius','Paine');
INSERT INTO aves.se_encuentra_en(especie,nombre) VALUES ('Diomedea exulans','Atacama');
INSERT INTO aves.se_encuentra_en(especie,nombre) VALUES ('Patagona gigas','Talca');
INSERT INTO aves.se_encuentra_en(especie,nombre) VALUES ('Merganetta armata','Talca');
INSERT INTO aves.se_encuentra_en(especie,nombre) VALUES ('Macronectes giganteus','Parinacota');
INSERT INTO aves.se_encuentra_en(especie,nombre) VALUES ('Zonotrichia capensis','Temuco');
INSERT INTO aves.se_encuentra_en(especie,nombre) VALUES ('Patagona gigas','Archipiélado Juan Fernández');
INSERT INTO aves.se_encuentra_en(especie,nombre) VALUES ('Podilymbus podiceps','Colchahua');
INSERT INTO aves.se_encuentra_en(especie,nombre) VALUES ('Chloephaga melanoptera','San Bernardo');
INSERT INTO aves.se_encuentra_en(especie,nombre) VALUES ('Aphrastura spinicauda','Llanquihue');
INSERT INTO aves.se_encuentra_en(especie,nombre) VALUES ('Merganetta armata','Archipiélado Juan Fernández');
INSERT INTO aves.se_encuentra_en(especie,nombre) VALUES ('Aphrastura spinicauda','Laja');
INSERT INTO aves.se_encuentra_en(especie,nombre) VALUES ('Elaenia albiceps','Coquimbo');
